id_servico,id_atestado,servico,unidade,quantidade,observacoes
ef733965-e6a,2c0fe2b8-2d3,Volume de Concreto,m³,1250,
0ec46dee-6f1,2c0fe2b8-2d3,Área de Forma,m²,900,
d8ea8022-7ed,2c0fe2b8-2d3,Brita 3,m³,800,
5f5727d4-0a1,2c0fe2b8-2d3,Mangueira Cristal,ML,2400,
3705976e-1ac,2c0fe2b8-2d3,Mastique,kg,1725,
c984c4f6-054,2c0fe2b8-2d3,Lona Plástica Impermeabilizante,m²,5200,
32c11f63-35c,2c0fe2b8-2d3,Tubo PVC Rígido,m,88,
042e0591-12c,2c0fe2b8-2d3,Chapa de Aço Inox (250x250x19mm),un,24,
e2607b32-ac9,2c0fe2b8-2d3,Tela de Aço CA-60,kg,38954,
1dc1251e-187,2c0fe2b8-2d3,Aço CA-50A,kg,50428,
3fa748be-64a,4b5b4d83-fbe,Execução de fundação direta em concreto armado,m³,35,
ff530f02-d0f,4b5b4d83-fbe,Execução de estrutura em concreto armado,m³,29,
6e959981-3ec,4b5b4d83-fbe,Execução de laje treliça,m²,253.7,
11f8eec1-906,4b5b4d83-fbe,Alvenaria em bloco aparente (15cm),m²,190,
2ce3142f-fc5,4b5b4d83-fbe,Alvenaria em bloco comum (10cm),m²,75,
b40cf305-32f,4b5b4d83-fbe,Alvenaria em bloco comum (15cm),m²,65.25,
f5acf1f3-8df,4b5b4d83-fbe,Fornecimento e colocação de esquadrias de alumínio,m²,60,
059b1f47-f77,4b5b4d83-fbe,Fornecimento e colocação de portas comum para pintura,un,8,
857b78e7-307,4b5b4d83-fbe,Fornec. e colocação divisória de granilite p/sanitário,m²,18,
408516a4-606,4b5b4d83-fbe,Revestimento forros/paredes internas (chapisco/emboço/reboco),m²,526,
ca4e128d-b5a,4b5b4d83-fbe,Revestimento de paredes com azulejo,m²,342,
dfbb533e-176,4b5b4d83-fbe,Execução de contrapiso em concreto armado,m³,9.5,
6113abd6-93e,4b5b4d83-fbe,Execução de piso em cerâmica esmaltada grês,m²,70.6,
2a0c8eaf-925,4b5b4d83-fbe,Execução de piso cimentado queimado,m²,54.62,
9403d496-07d,4b5b4d83-fbe,Execução de impermeabilização com manta butílica,m²,253.7,
5ad3e92d-d06,4b5b4d83-fbe,Fornec. e instalação de armários c/bancadas p/oficinas,un,4,
a1f1dcac-7c9,4b5b4d83-fbe,Execução de estufa,un,1,
7c6e8809-caf,4b5b4d83-fbe,Execução de prateleiras com chapas wall,un,2,
5a8dd0b7-2bb,4b5b4d83-fbe,Fornecimento e instalação de vidro comum,m²,60,
25ba9130-7b9,4b5b4d83-fbe,Pintura com latex comum,m²,526,
a9f90749-908,4b5b4d83-fbe,Pintura com silicone,m²,190,
7aec939e-54a,4b5b4d83-fbe,Demolição de forro em chapa eucatex,m²,262,
55d5e704-a8d,4b5b4d83-fbe,Demolição de divisórias de escritório,m²,235,
ab8dc15a-efa,4b5b4d83-fbe,Demolição de pisos cerâmicos,m²,36,
ad8c3823-c02,4b5b4d83-fbe,Demolição de alvenaria,m²,17,
f0599fb1-1a1,4b5b4d83-fbe,Remoção de azulejos,m²,133,
fe03b099-d35,4b5b4d83-fbe,Desmontagem de máquina de tração,un,1,
e0cedf4a-857,4b5b4d83-fbe,Execução de alvenaria de bloco comum (10cm),m²,26,
905a5539-c31,4b5b4d83-fbe,Fornecimento e instalação de esquadrias alumínio comum,m²,30,
8133b1f5-871,4b5b4d83-fbe,Fornec. e inst. de esquadrias de alumínio acústica,m²,32,
cc457f51-66c,4b5b4d83-fbe,Fornec. e montagem divisórias escritório (formiplac),m²,66,
9386df36-9a1,4b5b4d83-fbe,Execução de piso de regularização p/ paviflex,m²,262,
c889aeef-7f6,4b5b4d83-fbe,Execução de piso cerâmico,m²,25,
aa08303d-2c4,4b5b4d83-fbe,Execução de piso paviflex TP2000,m²,262,
bc8740a2-59d,4b5b4d83-fbe,Revestimento interno paredes (chapisco/emboço/reboco),m²,68,
64c219cb-582,4b5b4d83-fbe,Revestimento de paredes com azulejo,m²,85,
a2cf2e3e-747,4b5b4d83-fbe,Execução de forro falso tipo Fibrarroc,m²,262,
c3462f88-d12,4b5b4d83-fbe,Execução de armários laboratório (madeira/inox),m²,8,
a72f19be-d83,4b5b4d83-fbe,Execução de armários e balcão copa (granilite),m²,3,
5510e13c-593,4b5b4d83-fbe,Fornec. e inst. exaustor com coifa aço inox,un,1,
120542ed-fe8,4b5b4d83-fbe,Ar condicionado Springer 21.000 BTU,un,15,
4c5b0880-8b3,4b5b4d83-fbe,Fornecimento e instalação de vidro acústico,m²,32,
be50eb98-171,4b5b4d83-fbe,Fornecimento e instalação de vidro comum,m²,30,
aa75e5c7-63f,4b5b4d83-fbe,"Projetos Realizados: Arquitetônico, Estrutural, Instalações hidráulicas, Instalações elétricas, telefônicas, de informática e sonorização, Rede de ar comprimido e ""As built""",un,1,
0670eddf-14c,6b96af57-4f5,Escavação manual,M3,166.97,
ab4920a6-833,6b96af57-4f5,Escoramento descontínuo,M2,105.35,
b9c549fa-07a,6b96af57-4f5,Compactação manual,M3,58.49,
86bed7e8-e8b,6b96af57-4f5,Assentamento de calhas de concreto diâmetro 30,ML,165.5,
191c7d5f-70d,6b96af57-4f5,Assentamento de tubos de concreto simples Diâmetro 30,ML,60,
e3c25ded-576,6b96af57-4f5,Assentamento de tubos de concreto simples diâmetro 50 cm,ML,99,
7f629923-27b,6b96af57-4f5,"Execução de concreto simples traço 1:2:4 (cimento, areia, pedra)",M3,36.43,
fb894358-391,6b96af57-4f5,"Execução de concreto armado traço 1:2:4 (cimento, areia, pedra)",M3,52.13,
8f15ea2c-454,6b96af57-4f5,Alvenaria 1/2 tijolo,M2,10.18,
f1072c09-330,6b96af57-4f5,Alvenaria 01 tijolo,M2,28.78,
5b578d37-b79,6b96af57-4f5,Alvenaria bloco concreto 19x39x10 cm,M2,11.2,
eb2e3754-3c6,6b96af57-4f5,Alvenaria bloco concreto 19x39x15 cm,M2,65.37,
baf3b9d0-1ea,6b96af57-4f5,Alvenaria bloco concreto 19x39x20 cm,M2,126.3,
e6cad2d5-145,6b96af57-4f5,Chapisco,M2,304.98,
ee03e2fb-fc7,6b96af57-4f5,Revestimento grosso (emboço),M2,331.9,
b408d3b0-d4d,6b96af57-4f5,Revestimento fino (reboco/massa fina),M2,130.53,
805b8614-fe7,6b96af57-4f5,Remoção de revestimento,M2,124.95,
3907a62d-84c,6b96af57-4f5,Assentamento de azulejos,M2,187.63,
6d9e214f-0f2,6b96af57-4f5,Assentamento de piso cerâmica,M2,88.7,
b7b4afd7-13f,6b96af57-4f5,Preparação de superfície de alvenaria com massa corrida,M2,1739.86,
9f89b2da-155,6b96af57-4f5,Preparação de superfície de alvenaria com massa acrílica,M2,2506.15,
dd0d809e-345,6b96af57-4f5,Prep. superfície alvenaria fundo preparador/selador,M2,3813.39,
b9bde289-c18,6b96af57-4f5,Acabamento com aplicação de um demão tinta latex PVA,M2,7115.67,
b23c5608-d1c,6b96af57-4f5,Pintura a cal,M2,2128.23,
8a686e6e-7a8,6b96af57-4f5,Preparação de superfície de madeira com massa à óleo,M2,5.25,
349f83c2-30a,6b96af57-4f5,"Acabamento com tinta esmalte, à óleo ou verniz",M2,2292.64,
6c474d47-5b4,6b96af57-4f5,Limpeza com solvente,M2,21.88,
cc8f81e9-ff6,6b96af57-4f5,Preparação de superfície por lixamento manual,M2,2875.89,
4a829787-800,6b96af57-4f5,Preparação de superfície por jateamento abrasivo,M2,637.39,
6d507f29-38b,6b96af57-4f5,Aplicação de 1 demão de tinta de fundo N-1850,M2,2049.12,
088607fe-a51,6b96af57-4f5,"Aplicação de 1 demão de ""WASH-PRIMER"" N-126 1C",M2,276.79,
9442c539-b86,6b96af57-4f5,Pintura acabamento 1 demão tinta esmalte N-1232 A,M2,621.68,
ee987cca-f7f,6b96af57-4f5,Pintura acabamento 1 demão tinta acrílica N-1197,M2,1075.52,
2f8bf03e-67d,6b96af57-4f5,Pintura acabamento 1 demão tinta alumínio fenólica N-1259,M2,2571.94,
f19b932c-4b8,6b96af57-4f5,Fornecimento de caminhão basculante (6 M3),HS,168.5,
1ee4d93a-195,6b96af57-4f5,Fornecimento de retroescavadeira,HS,147.5,
349a5118-b4d,6b96af57-4f5,Fornecimento de martelete pneumático com compressor,HS,8,
9a6bf23b-a74,6b96af57-4f5,Fornecimento de pedrisco,M3,3,
fcfcecd3-43b,6b96af57-4f5,Fornecimento de brita 1,M3,305.17,
9b3bdba6-9fa,6b96af57-4f5,Limpeza de tanques e Sump-Tanks de claros,M2,1274.6,
e77c49fc-334,6b96af57-4f5,Retirada de resíduos de fundo de tanques,M3,67.65,
020a22c3-0d3,6b96af57-4f5,Limpeza do compartimento de filtragem do SAO,UN,2,
8b66b399-93d,6b96af57-4f5,Limpeza do compartimento de óleo recuperado do SAO,UN,1,
48aa7849-20a,6b96af57-4f5,Limpeza do compartimento de entrada do SAO,UN,4,
5806270c-095,6b96af57-4f5,Limpeza do compartimento de saída de emergência do SAO,UN,1,
0a8b4c44-2c3,6b96af57-4f5,Limpeza de produtos claros,M2,1029,
9928efae-587,6b96af57-4f5,Lavagem externa de tanques,M2,22042.16,
360e93a6-eaf,6b96af57-4f5,Fornecimento de profissional (encanador),HS,1721.67,
77b21bc4-2fd,6b96af57-4f5,Fornecimento de profissional (marceneiro),HS,2089.67,
369a0f79-771,6b96af57-4f5,Limpeza geral da área,mês,10.75,
2e40632b-9df,0ae3a8e1-71e,Projeto completo,GL,1,
b3167fa6-146,0ae3a8e1-71e,Retiradas e demolições,M²,53,
37ba1070-975,0ae3a8e1-71e,Regularização e Assentamento de Piso Vinílico e cerâmica,M²,87,
ebf1669c-80a,0ae3a8e1-71e,Fornecimento e instalação de forro termo-acústico (inclusive estrutura metálica),M²,95,
4d3d3a58-0d3,0ae3a8e1-71e,Fornecimento e instalação de porta e prolongamento das divisórias de madeira,M²,40,
d27eb918-158,0ae3a8e1-71e,Aparelhos de ar condicionado do SESUP/CONFERÊNCIA (Instalações elétricas),GL,1,
eb45ba12-6b0,0ae3a8e1-71e,Alimentação elétrica para as bancadas,GL,1,
2f5e2853-ad2,0ae3a8e1-71e,Iluminação da área com forro termo acústico,GL,1,
7028c17c-30e,0ae3a8e1-71e,"Aparelhos de ar condicionado do SESUP (Lado Norte), inclusive remoção da alimentação antiga e ar condic. do S-1",GL,1,
bcc8bb7d-752,0ae3a8e1-71e,Instalação telefônica para o SESUP,GL,1,
231fb10a-b07,0ae3a8e1-71e,Fornecimento e instalação de aparelho de ar condicionado (POTENCIA),UN,4,
f49d537b-fae,0ae3a8e1-71e,Modificação dos caixilhos de alumínio da parede Leste do SESUP/CONFERÊNCIA,M²,15,
3eaf962a-601,0ae3a8e1-71e,Fornecimento e instalação de elevador para papéis,GL,1,
a3a21d6e-2f1,0ae3a8e1-71e,"Projeto ""Conforme Construído""",GL,1,
66254600-282,0ae3a8e1-71e,Revisão dos Desenhos constantes em 8.1,GL,1,
e57b8998-5a2,2d07950d-ee9,Canteiro de obras,M2,50,
8572b934-0e8,2d07950d-ee9,Projeto,M2,1000,
c5f4c6e6-26a,2d07950d-ee9,Demolição de piso de cimento sobre lastro de concreto,M2,248,
4998662f-d16,2d07950d-ee9,Demolição de revestimento com azulejo,M2,69,
888a6a90-e49,2d07950d-ee9,Demolição de alvenaria de tijolos comuns,M3,13,
f46a4732-82f,2d07950d-ee9,Demolição de concreto armado com martelete pneumático,M3,20,
a9d1f6be-74f,2d07950d-ee9,Demolição de pavimentação asfáltica com martelete pneumático,M2,20,
d0f3b1fa-c96,2d07950d-ee9,"Retirada de portas e caixilhos, inclusive batentes",M2,20,
fa53ebf9-5a0,2d07950d-ee9,Remoção de esquadrias,M2,40,
cefb5b90-1eb,2d07950d-ee9,Escavações,M3,104,
acece43c-390,2d07950d-ee9,Lastro de areia,M3,2.5,
6e42b397-c12,2d07950d-ee9,Lastro de brita,M3,3,
9bd9bce3-28f,2d07950d-ee9,"Lastro de concreto, inclusive lançamento",M3,3.5,
a0b94728-204,2d07950d-ee9,Estaca pré-moldada capacidade 20 T,ML,300,
3ccc997b-543,2d07950d-ee9,Tábuas de pinho para fundações,M2,464,
facf683a-e7a,2d07950d-ee9,Armadura CA-50,KG,4605,
362e7d04-f2f,2d07950d-ee9,Concreto estrutural pré-misturado resistência 15 MPa,M3,55.15,
c2d2c49e-148,2d07950d-ee9,Reaterro compactado com compactador mecânico,M3,80,
2a939ed3-a48,2d07950d-ee9,Bloco de concreto de 19/14/9 cm,M2,270,
9d13798c-33c,2d07950d-ee9,Chapisco,M2,1040,
19dc6b83-15e,2d07950d-ee9,Emboço,M2,1040,
d23cdae1-133,2d07950d-ee9,Reboco,M2,750,
0ae3055a-f98,2d07950d-ee9,Azulejo branco extra 15 x 15 cm,M2,254,
7e1c2b5f-57a,2d07950d-ee9,Porta de cedro lisa completa,UN,6,
eb93fd29-ded,2d07950d-ee9,Porta de alumínio com visor e balcão,UN,2,
91ea08a3-e3a,2d07950d-ee9,Porta de alumínio com visor,UN,3,
02a8baac-c0d,2d07950d-ee9,Porta de alumínio de correr,M2,10,
b1f24312-d6f,2d07950d-ee9,Caixilho fixo de alumínio,M2,10,
37e215e4-d97,2d07950d-ee9,Caixilho acústico duplo de alumínio,M2,30,
73d58773-835,2d07950d-ee9,Caixilho comum basculante fixo de alumínio,M2,4,
341cbb5b-889,2d07950d-ee9,Caixilho MAXIM-AR 60 x 60 cm de alumínio,UN,1,
dfa6c4ee-ebb,2d07950d-ee9,Caixilho acústico duplo de correr de alumínio,M2,6,
1f4a8256-58b,2d07950d-ee9,Caixilho basculante de alumínio,M2,4,
e8f69fff-2e3,2d07950d-ee9,Vidro comum espessura 3 mm,M2,10,
475ba5c2-241,2d07950d-ee9,Vidro temperado espessura 8 mm,M2,6,
76c4f48f-fde,2d07950d-ee9,Vidro acústico duplo triplex,M2,30,
76481f22-4d2,2d07950d-ee9,Vidro canelado espessura 3 mm,M2,3,
387b9c3a-2ab,2d07950d-ee9,Emassamento base PVA,M2,673,
f3a02e6e-333,2d07950d-ee9,Emassamento acrílico,M2,170,
fa2d5a23-496,2d07950d-ee9,Pintura 2 (duas) demãos látex PVA,M2,1508,
efca73a2-e78,2d07950d-ee9,Pintura 2 (duas) demãos látex acrílico,M2,916,
b3f658a8-ac4,2d07950d-ee9,Verniz poliuretânico em estrutura concreto aparente,M2,114,
84812c39-640,2d07950d-ee9,Tinta Super galvit em estruturas de aço galvanizado,M2,380,
87abb18d-47c,2d07950d-ee9,Tinta epoxi em telhas de aço galvanizado em 2 demãos,M2,380,
71460daf-f59,2d07950d-ee9,Tinta esmalte sintético 2 demãos inclusive emassamento,M2,40,
8314a6d9-bf1,2d07950d-ee9,Estrutura de madeira,M2,3,
4175dca5-dde,2d07950d-ee9,Estrutura de aço para fechamento lateral,M2,81,
34e80c83-9a5,2d07950d-ee9,Telha ondulada de fibrocimento espessura 8 mm,M2,3,
3800c4c8-a1c,2d07950d-ee9,Telha trapezoidal de aço galvanizado para fechamento,M2,81,
3f7a524c-650,2d07950d-ee9,Telha estrutural autoportante de aço galvanizado,M2,315,
7578f196-e35,2d07950d-ee9,"Tubo de PVC marrom diâmetro 3/4""",ML,24,
03747eb1-ebc,2d07950d-ee9,"Tubo de PVC branco diâmetro 1 1/2""",ML,18,
e42be989-0b7,2d07950d-ee9,"Tubo de PVC marrom diâmetro 2""",ML,34,
48dc7174-eed,2d07950d-ee9,"Tubo de PVC marrom diâmetro 4""",ML,76,
1d97e0e8-0e5,2d07950d-ee9,"Tubo de PVC branco diâmetro 4""",ML,36,
725e207f-337,2d07950d-ee9,Caixa sifonada de PVC,UN,8,
529c2dcc-6dd,2d07950d-ee9,Caixa de fibrocimento capacidade 1000 litros,UN,2,
894e4552-d99,2d07950d-ee9,Torneira de pressão uso geral,UN,4,
0997fcf9-792,2d07950d-ee9,"Torneira tipo bóia diâmetro 1 1/2""",UN,2,
7f67e570-cd5,2d07950d-ee9,Torneira para lavatório,UN,4,
e5572444-72f,2d07950d-ee9,"Registro de gaveta diâmetro 2""",UN,3,
46dbf2b3-dbd,2d07950d-ee9,Válvula de descarga,UN,2,
a6f35f0b-324,2d07950d-ee9,Bacia sanitária completa,UN,2,
d9c2de02-368,2d07950d-ee9,Lavatório de louça sem coluna,UN,2,
5b7ae61f-c28,2d07950d-ee9,Porta-papel,UN,2,
e503a7ec-365,2d07950d-ee9,Cabide de louça,UN,3,
e91ea591-eaf,2d07950d-ee9,Lavatório coletivo inoxidável,UN,1,
7cacf408-07f,2d07950d-ee9,Mictório de louça,UN,1,
a30c2a09-86f,2d07950d-ee9,Saboneteira de louça,UN,3,
2b367c88-6d0,2d07950d-ee9,Tampo de aço inoxidável para pia,UN,1,
1da672ae-792,2d07950d-ee9,Gabinete de madeira para pia,UN,1,
c4441bbb-973,2d07950d-ee9,Espelho com moldura de alumínio,UN,2,
c7974d27-832,2d07950d-ee9,Chuveiro cromado,UN,3,
0bbed242-e77,2d07950d-ee9,Bebedouro elétrico,UN,1,
2194438c-a97,2d07950d-ee9,Tomada universal,UN,36,
f1335995-589,2d07950d-ee9,Tomada 2 P + T,UN,26,
6a53cb3d-145,2d07950d-ee9,Interruptor simples,UN,6,
51fea6a3-1d6,2d07950d-ee9,Interruptor bipolar,UN,8,
3150f992-997,2d07950d-ee9,Luminária 4 x 40 W,UN,24,
95ad08a8-b50,2d07950d-ee9,Luminária HTD 250 W,UN,10,
4a68c838-7a7,2d07950d-ee9,Luminária incandescente,UN,4,
f002dcdc-e65,2d07950d-ee9,Luminária 2 x 40 W,UN,34,
b1bff34a-950,2d07950d-ee9,Sinalizador para saída de veículos e sirene,UN,4,
c40a9d9f-1eb,2d07950d-ee9,Cabo de cobre isolação PVC secção 95 mm,ML,270,
b7682fd7-67b,2d07950d-ee9,Cabo de cobre isolação PVC secção 70 mm,ML,100,
f99de2b3-004,2d07950d-ee9,Cabo de cobre isolação PVC secção 25 mm,ML,50,
098e285d-4a9,2d07950d-ee9,Cabo de cobre nu secção 35 mm,ML,50,
012cb791-208,2d07950d-ee9,"Fio isolado PVC secção 2,5 mm",ML,1130,
5c210fd5-b4a,2d07950d-ee9,Fio isolado PVC secção 4 mm,ML,250,
e726c198-d3d,2d07950d-ee9,Haste de aterramento,UN,3,
b6a0f16b-86e,2d07950d-ee9,Alimentação e aterramento para micro computador,UN,1,
3aaec8ba-65f,2d07950d-ee9,Divisórias de granilite espessura 3 cm,M2,10,
8b574340-09b,2d07950d-ee9,Aparelho de ar condicionado,UN,4,
fd68558f-b84,2d07950d-ee9,"Mesa central de comando para sistema de incêndio, telefonia e sonorização",UN,1,
c5eb4a85-596,2d07950d-ee9,Fornecimento de móveis,GL,1,
f3667466-f53,2d07950d-ee9,"Tubo de aço carbono diâmetro 4""",ML,12,
4758ca21-466,2d07950d-ee9,Tubo de concreto armado diâmetro 300 mm,ML,20,
c814e0af-538,2d07950d-ee9,"Grelha de ferro fundido 1 x 0,45 m",UN,6,
5a60fe91-4e2,2d07950d-ee9,Tampa de ferro fundido para caixa de visita,UN,1,
cb11b089-455,2d07950d-ee9,"Tubo de aço carbono Sch 80 diâmetro 3/4""",ML,120,
76f32baa-526,2d07950d-ee9,Isolamento térmico em silicato de cálcio,ML,50,
5a636ff6-4c7,2d07950d-ee9,"Eletroduto de PVC diâmetro 3/4""",ML,72,
58cc220b-a00,2d07950d-ee9,"Eletroduto de PVC diâmetro 1""",ML,72,
4901b1df-7f0,2d07950d-ee9,Quadro de distribuição,UN,1,
39dba0ad-ea7,2d07950d-ee9,"Caixa de passagem plástica 4"" x 4""",UN,2,
74b40209-719,2d07950d-ee9,"Condulete de PVC diâmetro 4""",UN,20,
a0933347-3ec,2d07950d-ee9,Tomada para telefone padrão TELEBRÁS,UN,26,
a9782698-4ee,2d07950d-ee9,Amplificador,UN,6,
5012561d-b09,2d07950d-ee9,Turner,UN,1,
6c2a5123-c21,2d07950d-ee9,Mixer,UN,1,
ab01b411-5b3,2d07950d-ee9,Antena com misturador e booster,UN,1,
da552b40-c71,2d07950d-ee9,Corneta de som,UN,27,
3eaa8cdc-f12,2d07950d-ee9,Caixa acústica tipo cubo,UN,10,
11601a6c-d35,2d07950d-ee9,Caixa acústica blindada a prova de tempo,UN,25,
2b573172-0f2,2d07950d-ee9,Quadro de distribuição (Inst. Elétricas),UN,5,
9a984d6d-91b,2d07950d-ee9,"Eletroduto rígido de PVC diâmetro 3/4""",UN,78,
264eba95-767,2d07950d-ee9,Condulete PVC,UN,66,
2baf7f71-e01,2d07950d-ee9,"Caixa de passagem plástica 4"" x 4""",UN,10,
18aa028e-7bd,2d07950d-ee9,Pavimentação asfáltica (Pisos externos),M2,20,
70fdb085-4a2,2d07950d-ee9,Execução de piso em concreto ripado,M2,95,
ec113dcb-158,2d07950d-ee9,Regularização para piso vinílico,M2,40.5,
be57732e-785,2d07950d-ee9,Regularização para piso cerâmico,M2,22.5,
775a5238-f12,2d07950d-ee9,Regularização para piso alta resistência,M2,165.5,
3d1ccfb0-068,2d07950d-ee9,Aplicação piso paviflex TR 2000,M2,40.5,
4af980bc-5fc,2d07950d-ee9,Cerâmica esmeralda grês,M2,22.5,
36506fb5-323,2d07950d-ee9,Piso de alta resistência W.H Korodur,M2,165.5,
04bb2e42-72c,2d07950d-ee9,Rodapé para piso de alta resistência,ML,140,
e8be239c-718,2d07950d-ee9,Rodapé para piso vinílico,ML,16,
5b04a7ab-f83,2d07950d-ee9,Emulsão asfáltica em superfície em contacto com solo,M2,65,
5ca6b360-ca3,2d07950d-ee9,Regularização de superfície para impermeabilização com manta butílica,M2,480,
0f889433-bc9,2d07950d-ee9,Manta butílica em lajes de concreto,M2,480,
9684ddda-4a2,2d07950d-ee9,Proteção mecânica para superfície impermeabilizada,M2,480,
43bcaf24-383,2d07950d-ee9,Projeto conforme construído,GL,1,
53e1af65-bc5,2d07950d-ee9,Revisão de desenhos de referência,GL,1,
6855a5ea-6e2,2d07950d-ee9,Aprovação do projeto junto aos órgãos públicos HABITE-SE e Quitação do INSS,GL,1,
43d1c468-4ec,3b97a49b-88b,Barracões,M2,15,
7443cb48-6ab,3b97a49b-88b,Ligações provisórias de luz e força,UN,VB,
680c6f93-535,3b97a49b-88b,Ligações provisórias de água e esgoto,UN,VB,
5f4de18c-d0c,3b97a49b-88b,Placa da obra modelo PMC,UN,1,
3b6235d9-7b8,3b97a49b-88b,Retirada de guias de concreto,ML,69,
d23ab5df-a2e,3b97a49b-88b,Demolição de concreto simples e escória,M3,319.32,
a6ffcabb-9ad,3b97a49b-88b,"Escavação mecanizada solo qualquer categoria até 2,00m",M3,188.035,
23e1af19-ad7,3b97a49b-88b,"Transporte de material escavado (distância máxima 5,0 km)",M3xKM,925.49,
59069e83-c96,3b97a49b-88b,Reaterro de valas com próprio material escavado (sem compactação),M3,22.525,
d8f77f17-4ea,3b97a49b-88b,Arrancamento e reassentamento guias de concreto superficial,ML,477.5,
a01fa6a5-91f,3b97a49b-88b,Construção de guias de concreto inclusive base e cones de ancoragem,ML,367.8,
536bdd19-09a,3b97a49b-88b,Construção de sarjetas de acordo com o projeto,ML,425.3,
ea307585-0ce,3b97a49b-88b,Nivelamento de tampas de poço de visita e caixas,UN,37,
77698d83-e05,3b97a49b-88b,"Abertura e preparo de caixa até 0,40 mts (compactação, sub-base, transporte)",M2,8879.55,
5c4cdec1-96c,3b97a49b-88b,Assentamento lajota esp. 10cm sobre coxim de areia,M2,8879.55,
6dd0f284-138,3b97a49b-88b,Rejuntamento de lajotas sextavadas com asfalto e pedrisco,M2,8879.55,
479b0c12-c00,3b97a49b-88b,"Lastro de pedra britada 0,05 m de espessura",M3,222.856,
bf98f51a-7f1,3b97a49b-88b,"Concreto magro esp. 0,05 m desempenado (juntas de peroba)",M3,211.387,
9b82f2de-cfa,3b97a49b-88b,"Escavação campo aberto manual, inclusive compactação",M3,494.07,
f12d2caf-965,3b97a49b-88b,Boca de lobo com grelha de concreto inclusive escavação e reaterro,UN,3,
db8d13c0-0a2,3b97a49b-88b,"Assentamento e rejuntamento tubos Ø 0,30m simples",M,7.8,
6820b6c1-515,3b97a49b-88b,"Assentamento e rejuntamento tubos Ø 0,60 m concreto armado",M,3,
05fd353e-872,3b97a49b-88b,"Arrancamento, empilhamento e reassentamento sobre coxim de areia e asfalto",M2,1816.45,
9b0a0b74-4a1,3b97a49b-88b,"Fornecimento, plantio e conservação de árvores (2,00m a 2,50m)",UN,315,
2ef831f3-6e2,6101f7ac-380,Locação da obra,M2,90.52,
0c84659f-1e6,6101f7ac-380,Preparo de terreno,M2,6000,
c6013952-9dd,6101f7ac-380,Aterro com material de boa qualidade (medido na caixa),M3,1125.25,
dd8f8568-b14,6101f7ac-380,Aterro com bica corrida (medido no caminhão),M3,25.16,
4cc39584-6ba,6101f7ac-380,Aterro com areia (medido no caminhão),M3,136.32,
ec4aba72-f57,6101f7ac-380,"Transporte de material escavado (carga, descarga e espalhamento)",M3,809.91,
eed8b885-4ed,6101f7ac-380,Demolição de cobertura com telhas onduladas,M2,31.2,
2d9e52f7-7b2,6101f7ac-380,Escavação manual,M3,9.64,
9a153a2b-32b,6101f7ac-380,Escavação mecânica campo aberto,M3,2944.92,
599aec90-f7f,6101f7ac-380,Concreto Fck 150 kg/cm2 preparado em betoneira (incl. lançamento),M3,33.72,
3ed6f72d-de2,6101f7ac-380,"Lastro de concreto magro (espessura 0,05 m)",M2,65.59,
26e6adae-7eb,6101f7ac-380,Forma para fundação com tábua de pinho,M2,34.16,
996b0a31-d0b,6101f7ac-380,Forma comum para vigas e pilares,M2,413.33,
52239081-277,6101f7ac-380,Aço CA 50/60 (colocação e fornecimento),Kg,1874.18,
d286551c-590,6101f7ac-380,Impermeabilização de fundação,M2,33.55,
bb0e3da8-aa9,6101f7ac-380,Lastro de brita apiloado,M3,5.54,
a389a06a-3e7,6101f7ac-380,Alvenaria em bloco de concreto (espessura 9 cm),M2,23.26,
766eb63d-ab1,6101f7ac-380,Alvenaria em bloco de concreto (espessura 14 cm),M2,150.99,
01908d79-d9b,6101f7ac-380,Alvenaria de bloco de concreto aparente,M2,105.28,
4c0ddbbb-fe2,6101f7ac-380,"Muro de bloco aparente padrão PMC (H = 2,50 m)",M,336.47,
e29f553f-698,6101f7ac-380,Emboço,M2,30.02,
bfaadfb7-d82,6101f7ac-380,Chapisco,M2,323.69,
d070ef1a-083,6101f7ac-380,Revestimento de azulejo,M2,51.49,
d08d035d-8fb,6101f7ac-380,Revestimento de cimento queimado,M2,11.6,
28f1516f-168,6101f7ac-380,Piso de cimento queimado,M2,146.53,
e8f32c55-9fd,6101f7ac-380,Passeio em concreto Fck 150 Kgf/cm2 (esp. 7 cm incl. juntas e brita),M2,21.6,
eb877ca5-5e1,6101f7ac-380,Alvenaria de elemento vazado de concreto tipo NEO REX,M2,9.28,
ada584d9-a22,6101f7ac-380,Telhado com telhas de fibrocimento e PVC ondulado (incl. madeira),M2,95.41,
b9627ded-b03,6101f7ac-380,Porta de aço de enrolar,M3,5.98,
5789c4c1-f91,6101f7ac-380,Portão de estrutura tubular e tela galvanizada,M2,16.61,
d7664e90-aa9,6101f7ac-380,"Alambrado de tela galvanizada (altura 2,50 m)",M,226.1,
60d5ec5e-48b,6101f7ac-380,Plantio de grama batatais,M2,5423.92,
ba9e022d-efc,6101f7ac-380,Pintura a cal,M2,359.65,
e56ecee4-776,6101f7ac-380,Pintura a óleo,M2,297.48,
2c965fe4-565,6101f7ac-380,Instalações elétricas e hidráulicas completas para 3 vestiários,GL,1,
bfb9bf69-d15,ffccfba9-5eb,"Canteiro de obras com 15m2 inclusive luz, água, sanitário e placa de obra",un,1,
7fc43b5b-45d,ffccfba9-5eb,Escavação manual em campo aberto até 2m,m³,238.85,
71db8b03-2de,ffccfba9-5eb,"Lastro de brita apiloado manualmente e=0,05",m³,17.43,
badec7d2-8e7,ffccfba9-5eb,"Lastro de concreto magro e=0,05 inclusive lançamento",m³,2.704,
830cfda8-6b8,ffccfba9-5eb,Forma em tábuas de pinho,m²,175.26,
01d287ee-46e,ffccfba9-5eb,"Aço para concreto - corte, dobra e aplicação",kg,4100,
21e2026d-1dc,ffccfba9-5eb,Concreto 15 Mpa inclusive lançamento e aplicação,m³,73.466,
10746a7c-06d,ffccfba9-5eb,Alvenaria bloco de concreto aparente 14x19x39,m²,323.1,
72a847e9-917,ffccfba9-5eb,Alvenaria bloco de concreto aparente 10x20x40,m²,37.37,
c4a9e2f2-ca2,ffccfba9-5eb,Revestimento de argamassa e cimento queimado,m²,2.21,
92c1a0d7-72a,ffccfba9-5eb,"Fornecimento e aplicação tubo dreno 4""",m,85,
d7b46d52-e87,ffccfba9-5eb,Manta tipo Bidim OP-30,m²,144.5,
45837ec1-af9,ffccfba9-5eb,Fornecimento e aplicação de brita 2,m³,13.4,
55fd5d83-eb4,ffccfba9-5eb,"Fornecimento e colocação manilha de barro vibrado 6""",m,128.55,
c17aba2b-bd6,ffccfba9-5eb,Reaterro com material de boa qualidade apiloado manualmente,m³,170.46,
af52e906-931,ffccfba9-5eb,"Abertura e preparo de caixa incluindo escavação até 0,40 - carga, transporte até 1km e compactação",m²,577.88,
eb4cebe6-52a,ffccfba9-5eb,Fornecimento e assentamento de guias de concreto inclusive escoramento com concreto e base para o assentamento,m,29.85,
d705668b-d47,ffccfba9-5eb,"Pavimentação com lajotas sextavadas e=0,10m, sobre coxim de areia de rio incluindo o fornecimento e espalhamento",m²,342.26,
81c8b0f0-257,ffccfba9-5eb,Rejuntamento com asfalto e pedrisco,m²,342.26,
0f74f1c1-529,ffccfba9-5eb,Fornecimento e espalhamento de areia de rio,m³,55.655,
4a7dad22-194,ffccfba9-5eb,Picocamento e limpeza de piso de concreto,m²,844.92,
600ea183-3e4,ffccfba9-5eb,Fornecimento e aplicação de nata de cimento,m²,844.92,
5fc21641-710,ffccfba9-5eb,Fornecimento e aplicação de argamassa para regularização,m²,851.92,
816c63a7-b6f,ffccfba9-5eb,"Piso cimentado e desempenado e=1,5cm",m²,429.55,
e4dbe971-36e,ffccfba9-5eb,"Piso cimentado e desempenado e=3,0cm",m²,453.48,
0838644e-ce8,ffccfba9-5eb,Fornecimento e aplicação forro tipo lambri em pinho conforme detalhes de projeto,m²,494.4,
40d2fa9f-fd2,ffccfba9-5eb,"Fornecimento e assentamento de azulejo branco até h= 1,50m",m²,133,
b18a0957-821,ffccfba9-5eb,Chapisco com argamassa de cimento e areia,m²,298.18,
3a9cbade-0b9,ffccfba9-5eb,Emboço com argamassa mista,m²,354.53,
d8bdbe0d-224,ffccfba9-5eb,Reboco com argamassa mista,m²,121.18,
a287860c-953,ffccfba9-5eb,Pintura de paredes com látex inclusive selador,m²,1401.86,
30e6a2e0-69a,ffccfba9-5eb,Barra óleo cor cinza médio 3 demãos,m²,612.12,
1cde4afc-262,ffccfba9-5eb,Pintura de portas e batentes incluindo emassamento e fundo,m²,146.62,
6d71e6ce-e29,ffccfba9-5eb,Pintura de estrutura metálica em grafite 2 demãos,m²,761.88,
b2729f53-3f7,ffccfba9-5eb,Primer anti-corrosivo em estrutura metálica 25 micra com trincha,m²,752.41,
39c0dd88-881,ffccfba9-5eb,Pintura a óleo 2 demãos,m²,22.22,
289de5e5-281,ffccfba9-5eb,Fornecimento e colocação de lousa Greemboard 1=504 incluindo entarugamento,un,6,
e0fa2442-38b,ffccfba9-5eb,Pintura com tinta tipo Suvinil 100% acrílica - poliesportiva nas cores do projeto,m²,747.08,
b4be453c-1fb,ffccfba9-5eb,Grelha em aço conforme projeto,m²,1.76,
e6246a10-ea8,ffccfba9-5eb,Abrigo para cavalete 85x85x30cm,un,1,
6a86763e-b94,ffccfba9-5eb,"Cavalete diâmetro 3/4""",un,1,
03f71c6a-bc4,ffccfba9-5eb,Fornecimento e colocação de portão conforme projeto,m²,10.8,
0e981458-890,ffccfba9-5eb,Chuveiro ducha cromado,un,2,
f1cfc54e-35b,ffccfba9-5eb,Filtro de pressão 1 vela capacidade 450 l/h,un,1,
a4fe8acf-a5c,ffccfba9-5eb,"Fornecimento e instalação de centro de medição, conforme projeto 100% VB",%,50,
ac0b90e1-57e,ffccfba9-5eb,"Fornecimento e instalação de tubulações, perfilados, acessórios e caixas de passagem conforme projeto 100% VB",%,51,
2f957338-741,ffccfba9-5eb,"Fornecimento e instalação de fiações, interruptores, tomadas e quadros de distribuição conforme projeto 100% VB",%,52,
1de6e204-afe,ffccfba9-5eb,Fornecimento e instalação de luminárias completas conforme projeto 100% VB,%,53,
8e8d5f9a-c5a,ffccfba9-5eb,Fornecimento e instalação de pára-raios e sistema de incêndios conforme projeto 100% VB,%,54,
e56a04a3-2aa,ffccfba9-5eb,"Fornecimento e cravação de estacas pré-moldadas para 20t inclusive emendas, recravador e arrasamento",m,109,
0920b352-430,ffccfba9-5eb,Forma com chapa compensada resinada 12mm,m²,278.35,
dd896858-1b1,ffccfba9-5eb,Esquadria de alumínio - porta,m²,1.32,
b395236c-24b,ffccfba9-5eb,Esquadria de alumínio - janela,m²,0.72,
355c5d81-845,ffccfba9-5eb,Preparo de superfície interna de reservatórios,m²,94.78,
8cca677a-dac,ffccfba9-5eb,Fornecimento e aplicação de argamassa rígida em reservatório enterrado,m²,73.7,
43e2d0ec-9ba,ffccfba9-5eb,Fornecimento e aplicação de argamassa rígida e asfalto modificado para reservatório elevado,m²,21.08,
417806fe-2e4,ffccfba9-5eb,"Caixa d'água elevada tipo Silotto, incluindo tubulações e acessórios internos, conforme projeto",un,1,
2f573776-851,ffccfba9-5eb,"Tubulação PVC Ø 3/4"" inclusive conexões",m,31.45,
e4d57e05-1a9,ffccfba9-5eb,"Tubulação PVC Ø 1 1/4"" inclusive conexões",m,18.8,
40b8528c-068,ffccfba9-5eb,"Tubulação PVC Ø 1 1/2"" inclusive conexões",m,21.2,
9e924e43-184,ffccfba9-5eb,"Tubulação PVC Ø 2"" inclusive conexões",m,6.01,
72ff6430-58b,ffccfba9-5eb,"Tubulação PVC Ø 3"" inclusive conexões",m,48.1,
6e073757-b82,ffccfba9-5eb,"Tubulação aço galvanizado Ø 1 1/4"" inclusive conexões",m,8.5,
f210e859-57c,ffccfba9-5eb,"Tubulação aço galvanizado Ø 3"" inclusive conexões",m,15.6,
d4e6cf97-f12,ffccfba9-5eb,"Tubulação aço galvanizado Ø 2 1/2"" inclusive conexões",m,22.95,
e57080fd-6da,ffccfba9-5eb,"Registro pressão com canopla cromada Ø 3/4""",un,8,
f6788bb4-204,ffccfba9-5eb,"Torneira cromada Ø 3/4""",un,15,
33dde144-4d2,ffccfba9-5eb,Lavatório de louça branca sem coluna com torneira e acessórios,un,7,
45e26829-a39,ffccfba9-5eb,"Torneira para jardim Ø 3/4""",un,2,
6584d350-ed2,ffccfba9-5eb,"Válvula de descarga cromada com registro Ø 1 1/2""",un,11,
1026300d-c13,ffccfba9-5eb,Bacia sifonada de louça branca com acessórios,un,11,
b69904b7-599,ffccfba9-5eb,"Válvula de retenção Ø 1 1/4""",un,2,
4557157e-1cf,ffccfba9-5eb,"Válvula de pé com crivo 1 1/4""",un,3,
8b6d2573-0fc,ffccfba9-5eb,"Registro de gaveta Ø 3""",un,1,
5e683aa3-1dc,ffccfba9-5eb,"Registro de gaveta 1 1/4"" com canopla cromada",un,5,
fd5a5152-d7e,ffccfba9-5eb,"Registro de gaveta 2 1/2""",un,1,
9c35dc5a-f4d,ffccfba9-5eb,"Válvula de retenção 2 1/2""",un,1,
cbfce6b9-a58,ffccfba9-5eb,"Tubo PVC branco 6""",m,62.55,
4720aef5-d79,ffccfba9-5eb,"Tubo PVC branco 2""",m,2,
69eff900-810,ffccfba9-5eb,"Junção 2""",un,2,
cf64ed40-726,ffccfba9-5eb,"Redução 4"" x 2""",un,2,
7dcc089b-c48,ffccfba9-5eb,"Redução 2"" x 1 1/2""",un,2,
e9e07049-1e8,ffccfba9-5eb,"Curva 90º x 4""",un,2,
9f1de04b-360,ffccfba9-5eb,"Curva 90º 1 1/2""",un,2,
c7314d25-8ea,ffccfba9-5eb,"Curva 45º x 2""",un,2,
f58dc3d5-600,ffccfba9-5eb,"Fossa séptica 2,50 - h=2,60m completa",un,1,
697d6ca9-90c,ffccfba9-5eb,"Filtro anaeróbico Ø 2,00m - h1,80 completa",un,2,
56152501-4a7,ffccfba9-5eb,Abrigo e suporte para mangueira em chapa galvanizada 60x90x17,un,2,
90ea8cdf-1e6,ffccfba9-5eb,"Mangueira de poliester completa com união 38mm Ø 1 1/2""",un,2,
0e242009-f75,ffccfba9-5eb,"Adaptador de 2 1/2"" x 1 1/2""",un,2,
5e7351eb-ee7,ffccfba9-5eb,"Esguicho de 1 1/2""",un,2,
a01e8e94-5e3,ffccfba9-5eb,Registro globo angular,un,2,
d4010f63-410,ffccfba9-5eb,Extintor CO2 com suporte de parede 6kg com carga,un,1,
407c70a7-65e,ffccfba9-5eb,Extintor pó químico com suporte de parede 4kg com carga,un,2,
770b65f2-4af,ffccfba9-5eb,"Moto bomba 5 HP vazão 41,000 l/h - am 27 mca",un,1,
e57b00d3-974,ffccfba9-5eb,"Bomba recalque 1,5 HP (3.400 l/h - 20 mca)",un,2,
56c4c056-5cc,ffccfba9-5eb,Brinquedos MO2,un,1,
48892c3f-285,ffccfba9-5eb,Brinquedos M11,un,1,
6e8088f1-8cc,ffccfba9-5eb,Brinquedos M18,un,1,
7bb1b863-07f,ffccfba9-5eb,Brinquedos M02,un,1,
f3dcf1e9-492,ffccfba9-5eb,Demolição de concreto armado,m³,0.054,
b07e664f-dd8,ffccfba9-5eb,Abertura de rasgo em alvenaria para tubo de 25mm,m,17.3,
712d7d6b-28f,ffccfba9-5eb,Enchimento de rasgo em alvenaria com argamassa de tubo de 25mm,m,17.3,
1fd143dd-1c9,ffccfba9-5eb,Fornecimento e colocação de sifão cromado,un,2,
b128e66e-ffb,ffccfba9-5eb,Taxa de mobilização de montagens de equipamentos para estaqueamento 100% VB,%,8,
1beb6e10-72e,ffccfba9-5eb,Fornecimento e instalação de eletroduto de PVC rígido 32mm,ml,43,
63227dd1-eeb,ffccfba9-5eb,"Fornecimento e instalação de fio de 4,0mm2",m,129,
d5cd55f1-cf1,ffccfba9-5eb,"Fornecimento e instalação de fio de 2,5mm2",m,129,
b6f93cef-c7b,ffccfba9-5eb,Fornecimento e colocação de faixa de proteção em madeira aparelhada,m,127.8,
8745d163-02a,ffccfba9-5eb,Fornecimento e colocação de ralo sifonado de PVC 10x10,un,2,
b1087e6d-eb7,ffccfba9-5eb,Pintura de bloco aparente com verniz a base de silicone,m²,410.94,
ffc10297-bc8,ffccfba9-5eb,Fornecimento e colocação de cantoneira de aço para degraus de porta,kg,16.48,
000905b0-439,ffccfba9-5eb,Fornecimento e colocação de torneira de cozinha longa cromada,un,2,
c957deac-426,ffccfba9-5eb,Fornecimento e colocação de válvula tipo americana,un,2,
a618c8e9-6d8,ffccfba9-5eb,Fornecimento e colocação de bloco canaleta aparente 19x19x39,m,168.26,
b570bb95-d1b,ffccfba9-5eb,Fornecimento e colocação de cantoneira de alumínio,m,38.03,
ecd7cc83-d0a,ffccfba9-5eb,Execução de pintura verniz em duas demãos sobre madeira,m²,494.4,
ed41cfd3-75d,496dcdd8-39e,Demolição de cobertura com telha ondulada de fibrocimento,m²,30.75,
a8f09304-8ae,496dcdd8-39e,Demolição de piso cimentado sobre lastro de concreto,m²,405.99,
e311d5d9-3f5,496dcdd8-39e,Demolição de piso cerâmico,m²,22.95,
72db36f4-dd2,496dcdd8-39e,Demolição de revestimento com azulejos,m²,123.45,
a5fd99b3-2c7,496dcdd8-39e,Demolição de revestimento com argamassa,m²,200.83,
ef4f77c0-0d5,496dcdd8-39e,Demolição de alvenaria de tijolos comuns com argamassa mista,m³,41.009,
a8105335-e16,496dcdd8-39e,"Retirada de portas e janelas, inclusive batentes",m²,11.34,
3893298c-f80,496dcdd8-39e,Retirada de esquadrias metálicas,m²,338.83,
8f9d4d07-869,496dcdd8-39e,Demolição de piso granilit,m²,26.57,
651d5d1f-6ca,496dcdd8-39e,"Escavação manual de valas até 2,00m",m³,83.55,
1ca9ef9c-f86,496dcdd8-39e,Reaterro apiloado de valas,m³,39.91,
18acea94-ad9,496dcdd8-39e,Lastro de Brita 3 e 4 apiloado manualmente,m³,21.24,
322f28af-aee,496dcdd8-39e,Aço CA-50,kg,188.41,
7918cb7a-c69,496dcdd8-39e,Concreto estrutural com betoneira 15 MPA,m³,9.958,
ed556865-0eb,496dcdd8-39e,Formas chapa compensada resinada,m²,36.53,
99e94acd-f9d,496dcdd8-39e,Vedação em blocos de concreto 9x19x39cm com argamassa mista,m²,27.84,
b7059c77-be6,496dcdd8-39e,Vedação em blocos de concreto 14x19x39cm com argamassa mista,m²,13.63,
2893d8c6-a58,496dcdd8-39e,Vedação em blocos de concreto 19x19x39cm com argamassa mista,m²,17.7,
7ec60a5e-316,496dcdd8-39e,Divisórias em granilit,m²,3.2,
2bd68bba-67a,496dcdd8-39e,Elementos vazados de concreto tipo persiana (8x41x46cm),m²,51,
4758036b-565,496dcdd8-39e,Colocação de portas completas (inc. batentes),un,24,
872e29b2-1fd,496dcdd8-39e,Estrutura de madeira para telha de fibrocimento,m²,117.45,
50fa4abd-b0b,496dcdd8-39e,Telhas de fibrocimento canalete 49,m²,53.56,
63d80c74-8a9,496dcdd8-39e,Rufos em alumínio,m,256.17,
53e21b43-82a,496dcdd8-39e,Telhas onduladas de fibrocimento,m²,82.32,
d567708a-7b5,496dcdd8-39e,"Torneira lavatório cromada 1/2""",un,16,
e90fec77-b49,496dcdd8-39e,Ralo sifonado saída 40mm,un,6,
2e6cd99e-224,496dcdd8-39e,Caixa de inspeção alvenaria 50x50x40,un,15,
9ff7c56e-c3a,496dcdd8-39e,Forro,m²,65.89,
1f31aa94-b8d,496dcdd8-39e,Impermeabilização estrutural para cobertura,m²,96.87,
caae7c87-dfb,496dcdd8-39e,Chapisco,m²,554.32,
9c0672de-b82,496dcdd8-39e,Emboço,m²,269.94,
1fade3e8-8ef,496dcdd8-39e,Reboco,m²,202.05,
73102182-369,496dcdd8-39e,Azulejos com argamassa mista,m²,162.31,
cd07fa94-763,496dcdd8-39e,Pastilha com argamassa mista,m²,56.69,
4656a493-f47,496dcdd8-39e,Pisos em granilit,m²,14.55,
a17dada9-83f,496dcdd8-39e,Piso em ardósia,m²,61.67,
abb36a48-239,496dcdd8-39e,Vidros comuns com massa,m²,17.06,
922c9316-2ea,496dcdd8-39e,"Porta de vidro temperado 10mm (2 folhas 1,80x2,10m)",un,1,
e93d3ecb-6fe,496dcdd8-39e,Latex duas demãos (paredes internas),m²,3073.36,
a8c0b0cf-08f,496dcdd8-39e,Tinta à óleo duas demãos (paredes internas),m²,700.86,
6330518b-28c,496dcdd8-39e,Tinta epoxi em parede interna,m²,138.44,
d53d04c5-90c,496dcdd8-39e,Esmalte duas demãos em esquadrias de madeira,m²,948.01,
31128536-994,496dcdd8-39e,Grafite duas demãos em esquadrias de ferro,m²,1632.4,
e538761b-52a,496dcdd8-39e,Esmalte duas demãos em esquadrias de ferro,m²,370.53,
e2b30015-c2e,496dcdd8-39e,Piso rústico de concreto ripado,m²,130.57,
4bfb0077-aa7,496dcdd8-39e,Piso estrutural armado com tela de aço (esp. 12mm),m²,133.38,
20bb4c2a-084,496dcdd8-39e,Orlas de concreto,m,94.67,
8f0209f4-06e,496dcdd8-39e,Gradil de ferro Orsometal,m²,32.92,
6cc1fd7c-411,496dcdd8-39e,Portão de ferro Orsometal,m²,25.64,
56c3ad5d-987,496dcdd8-39e,Cadeira tipo concha Hille em fibra,un,142,
fce89ba5-68e,496dcdd8-39e,Lavagem e rejuntamento de pastilhas,m²,1151.36,
56f50301-834,496dcdd8-39e,Limpeza de pisos e revestimentos,m²,512.78,
45b826e0-74c,496dcdd8-39e,"Poste de concreto (7m, tensão de topo 150kg)",un,1,
05df94b4-35c,496dcdd8-39e,Conduletes em liga de alumínio,un,146,
9e993359-abc,496dcdd8-39e,Cabo de cobre (isolação 750V 4mm²),m,2568.3,
d74c9720-342,496dcdd8-39e,"Fio de cobre (isolação 750V 2,5mm²)",m,280,
40de5d31-392,496dcdd8-39e,Disjuntores monopolar,un,66,
8683c2c7-82a,496dcdd8-39e,Lâmpadas fluorescentes,un,106,
175f3c47-2b4,496dcdd8-39e,Reatores partida rápida (alto fator de potência),un,137,
f612294f-05e,496dcdd8-39e,Haste de aterramento tipo Copperweld,un,,
bdae341b-232,496dcdd8-39e,Chave seccionadora NH 125A,un,4,
b6cfac27-445,496dcdd8-39e,Lavatórios de louça branca sem coluna,un,4,
7576c43d-3f4,496dcdd8-39e,Tanque de louça branca,un,1,
469aa788-4d0,496dcdd8-39e,Aquecedor elétrico automático Cardal,un,3,
47bd037b-85c,496dcdd8-39e,Ducha de mão Aquajet,un,3,
71346aa8-b2d,496dcdd8-39e,Cuba de aço inox (65x40x26cm),un,3,
1ba69a52-375,496dcdd8-39e,Tomadas e interruptores com espelho,un,20,
50269191-6fe,496dcdd8-39e,Calhas 2x40W para lâmpada fluorescente,un,43,
9433e75d-152,496dcdd8-39e,Cabo de cobre de 6mm²,m,1527.88,
4a00de86-6ff,496dcdd8-39e,Cabo de cobre de 25mm²,m,62,
00279aad-669,496dcdd8-39e,Disjuntor monopolar de 25A e 35/40,un,23,
ce9c175e-fcc,496dcdd8-39e,Tratamento de trincas,m,174.8,
63daf3d3-d18,496dcdd8-39e,"Escavação mecanizada até 2,00m",m³,17.63,
532306bd-4ca,496dcdd8-39e,"Escavação manual até 4,00m",m³,35.42,
94684ef2-e64,496dcdd8-39e,Bacia sanitária branca,un,3,
e3275d87-957,496dcdd8-39e,Sistema completo de para-raios Franklin,sist,1,
5230ed33-918,496dcdd8-39e,Papeleiras e saboneteiras de louça branca,un,12,
7cfcb60b-9dd,496dcdd8-39e,"Fossa séptica de anéis de concreto (d=2,35x2,50m)",un,1,
274e5089-9b5,496dcdd8-39e,"Filtro anaeróbico de anéis de concreto (d=3,00x2,10m)",un,1,
66c456a8-4d2,496dcdd8-39e,Raspagem e polimento com cera de piso de granilit,m²,592.5,
d546b961-ffa,496dcdd8-39e,Raspagem e polimento de rodapé de granilit,m,519.75,
03f6196c-9c8,496dcdd8-39e,Execução de soleiras e rodapés de granilit,m,83.47,
068794b2-0c5,496dcdd8-39e,Fornecimento e aplicação de terra adubada,m³,99.17,
3cbbca2b-5d2,496dcdd8-39e,Pias de cozinha com gabinete (instalação),un,3,
ccaae793-9f5,496dcdd8-39e,Manta geotextil não tecida de poliester,m²,18.51,
c776005d-3d7,496dcdd8-39e,Letras em alumínio fundido,conj,1,
02e85262-f26,496dcdd8-39e,Letreiro luminoso,conj,1,
6077b00c-307,496dcdd8-39e,Recuperação de piso de granilit,m²,143.7,
f2e0ab38-97b,496dcdd8-39e,Pintura de faixa decorativa,m,132.45,
177a5799-1d8,a22c3a35-670,Prédio Administrativo,% Vb,100,
6d10abbb-b5b,a22c3a35-670,"Alvenaria bloco de concreto 14x19x39cm, esp. 14cm",m²,53.74,
845c5dcc-3ff,a22c3a35-670,"Alvenaria bloco de concreto 19x19x39cm, esp. 19cm",m²,17.21,
2912197d-933,a22c3a35-670,"Alvenaria bloco de concreto 9x19x39cm, esp. 9cm",m²,10.63,
aeba5a8a-15c,a22c3a35-670,Chapisco com argamassa de cimento e areia traço 1:3,m²,213.85,
89c83682-33a,a22c3a35-670,Emboço com argamassa mista de cal hidratada traço 1:2:9,m²,205.37,
46cb5af8-eb2,a22c3a35-670,Reboco com argamassa de cal hidratada traço 1:3,m²,196.89,
0a12b03f-9a9,a22c3a35-670,Azulejos brancos 15x15cm assentes com argamassa mista,m²,8.48,
d8770ffb-01f,a22c3a35-670,"Piso cimentado e desempenado esp. 1,5cm",m²,45.63,
7dd983c4-65a,a22c3a35-670,Forro de estuque (inclusive estrutura),m²,45.63,
805301f2-ec6,a22c3a35-670,Pintura látex 2 demãos em paredes,m²,196.89,
9691b5d4-549,a22c3a35-670,Pintura látex 2 demãos em forros,m²,45.63,
4c77f285-a56,a22c3a35-670,Cozinha e Depósito,% Vb,100,
78a62505-d30,a22c3a35-670,"Alvenaria bloco de concreto 14x19x39cm, esp. 14cm (Cozinha)",m²,73.6,
21138472-3da,a22c3a35-670,"Alvenaria bloco de concreto 9x19x39cm, esp. 9cm (Cozinha)",m²,4.83,
63fdcc71-8bc,a22c3a35-670,Chapisco com argamassa de cimento e areia traço 1:3 (Cozinha),m²,201.81,
e2f4ad60-a68,a22c3a35-670,Emboço com argamassa mista de cal hidratada traço 1:2:9 (Cozinha),m²,127.72,
54b621d6-091,a22c3a35-670,Reboco com argamassa de cal hidratada traço 1:3 (Cozinha),m²,66.56,
d82a0384-850,a22c3a35-670,Azulejos brancos 15x15cm assentes com argamassa mista (Cozinha),m²,71.04,
688e13c7-e0f,a22c3a35-670,"Piso cimentado e desempenado esp. 1,5cm (Cozinha)",m²,53.65,
196b7132-2c5,a22c3a35-670,Forro de estuque (inclusive estrutura) (Cozinha),m²,53.65,
8e5bd0c2-dc7,a22c3a35-670,Pintura látex 2 demãos em paredes (Cozinha),m²,66.56,
df642ff9-d3d,a22c3a35-670,Pintura látex 2 demãos em forros (Cozinha),m²,53.65,
dd2129f7-773,a22c3a35-670,Sala de Aula,% Vb,100,
00312edc-a54,a22c3a35-670,Emboço com argamassa mista de cal hidratada traço 1:2:9 (Sala),m²,333.09,
f5971773-5e6,a22c3a35-670,Reboco com argamassa de cal hidratada traço 1:3 (Sala),m²,263.45,
29113ca1-d45,a22c3a35-670,Azulejos brancos 15x15cm assentes com argamassa mista (Sala),m²,69.64,
ec748550-4f9,a22c3a35-670,Pintura látex 2 demãos em paredes (Sala),m²,751.32,
c4476640-3d8,a22c3a35-670,Circo,% Vb,100,
b51e71f4-7c3,a22c3a35-670,"Alvenaria bloco de concreto 14x19x39cm, esp. 14cm (Circo)",m²,127.34,
a1ef5941-429,a22c3a35-670,"Alvenaria bloco de concreto 19x19x39cm, esp. 19cm (Circo)",m²,13.2,
84a66bed-7df,a22c3a35-670,"Alvenaria bloco de concreto 9x19x39cm, esp. 9cm (Circo)",m²,15.46,
4f1d92d4-846,a22c3a35-670,Chapisco com argamassa de cimento e areia traço 1:3 (Circo),m²,415.46,
df1b531d-b00,a22c3a35-670,Pintura látex 2 demãos em paredes (Circo),m²,948.21,
e6a1f0d3-0d4,a22c3a35-670,Estrutura de Concreto Armado,% Vb,100,
7b76e8dc-d5c,a22c3a35-670,Armadura - aço 50cm 60,kg,3847.67,
14f6e9b0-375,a22c3a35-670,Concreto estrutural 18 MPa prep. em betoneira,m³,20.78,
ce81a257-378,a22c3a35-670,Concreto estrutural 15 MPa prep. em betoneira,m³,11.331,
a101c293-f53,a22c3a35-670,"Concreto estrutural pré-misturado Fck 15,0MPa",m³,190.6,
175cbaa7-b14,a22c3a35-670,Lançamento e aplicação de concreto em fundação,m³,35.824,
18b2d59b-b0c,a22c3a35-670,Verga reta de concreto armado,m³,6.82,
88217e7f-673,a22c3a35-670,Arquibancadas para 1.200 lugares,% Vb,100,
3c9a4550-342,a22c3a35-670,Estrutura auxiliar para sustentação de telas de nylon,m²,1501.51,
f7978ab0-acf,a22c3a35-670,"Tela plástica com malha de 12,5mm inclusive fixação",m²,1501.51,
9c88ae2d-8b4,a22c3a35-670,"Palco de 6,00 x 4,00m",% Vb,100,
c8d779b8-9fc,a22c3a35-670,Demolição de piso de tábuas de peroba,m²,112.93,
1d148279-899,a22c3a35-670,Tábuas corridas sobre caibros de peroba,m²,112.93,
9f852e59-80d,a22c3a35-670,Instalações Hidráulicas e Esgoto,% Vb,100,
2d7d6cff-04d,a22c3a35-670,Fornecimento e instalação de lavatórios louça branca,% Vb,100,
1fd6c286-d88,a22c3a35-670,Registro de gaveta bruto 50mm,un,2,
56d38806-7f0,a22c3a35-670,Registro de pressão com canopla 25mm,un,6,
16081573-dfd,a22c3a35-670,Tubulações de PVC branco 40mm a 100mm,% Vb,100,
df868254-fae,a22c3a35-670,Instalações Elétricas (Força e Luz),% Vb,100,
9a28e11d-454,a22c3a35-670,"Instalações elétricas para cozinha, sala, depósito e circo",% Vb,100,
0a34f50c-012,a22c3a35-670,Elétrica do sistema viário (rebaixamento e fiação),% Vb,100,
b23be0ef-8bb,a22c3a35-670,"Projeto de elétrica para cozinha, sala, depósito e circo",% Vb,100,
33c15001-8bc,a22c3a35-670,"Argila inclusive transporte, espalhamento e compactação",m³,7,
eb85eee4-e9f,a22c3a35-670,Blocos de concreto com argamassa mista com cal hidratada,m²,57.3,
1fa1c794-330,a22c3a35-670,"Blocos de concreto armado, esp. 19cm",m²,161.54,
5d80eeae-bb7,a22c3a35-670,Chapisco com arg. de cimento e areia 1:3 com Blanco,m²,415.46,
8339733a-804,a22c3a35-670,Chapas vinílicas 30x30 esp. 2mm,m²,74.06,
892c2e05-ef0,a22c3a35-670,Cumeeira normal de fibrocimento,m,45.2,
2a15fd66-e96,a22c3a35-670,Casas de madeira tipo Branca de Neve,un,1,
37c1e7fc-bf9,a22c3a35-670,Demolição de piso cimentado sobre lastro concreto,m²,163.36,
3c1d8547-fae,a22c3a35-670,Demolição de revestimento com argamassa,m²,12.98,
9cbe6874-69f,a22c3a35-670,Demolição de paredes de alvenaria,m³,11.896,
fa3c22fb-dbb,a22c3a35-670,Demarcação de quadra esportiva com tinta acrílica,m,931.82,
91a98f14-a93,a22c3a35-670,Demolição de pavimentação com pré-moldados,m²,43.36,
12cdd0a7-e33,a22c3a35-670,Escavação manual solo qualquer categoria até 2m,m³,109.069,
aefdbfe1-06f,a22c3a35-670,Estrutura de madeira com tesouras para telha 2 águas,m²,402.3,
cad9dd27-4a5,a22c3a35-670,"Esmalte em esquadrias de ferro, 2 demãos",m²,1203.94,
11c44a69-392,a22c3a35-670,Escavação manual de valas em terra até 2m,m³,177.434,
2fc54b98-614,a22c3a35-670,Estrutura de madeira para telha estrutural,m²,1.68,
e8151193-748,a22c3a35-670,Escavação mecanizada de valas em terra até 4m,m³,61.07,
de5722a6-4e4,a22c3a35-670,Envelopamento de concreto para rede de incêndio,m,95.1,
c52a58db-3ed,a22c3a35-670,Formas - tábuas de pinho (5 usos),m²,84,
17af7f16-56f,a22c3a35-670,Formas madeirit 12mm plastificada (5 usos),m²,77.76,
669d27db-bb2,a22c3a35-670,Formas chapa compensada plastificada,m²,235.21,
b98825d8-bfd,a22c3a35-670,Fechamento dos vãos com treliça tipo xadrez,m²,123.9,
c005bf94-2a9,a22c3a35-670,Impermeabilizante estrutural nos baldrames,m²,89.14,
0804ea2b-bd0,a22c3a35-670,Jateamento de areia com piso de concreto,m²,1787.73,
73c74893-49e,a22c3a35-670,Locação da obra,m²,2720.05,
87d72bbb-166,a22c3a35-670,Lastro de brita 3x4 apiloado manualmente,m³,10,
f8a162d3-a1f,a22c3a35-670,Lajes pré-fabricada para forros esp. 10cm,m²,73.56,
85cab0f5-2d9,a22c3a35-670,Lastro de concreto impermeabilizado esp. 6cm,m²,1891.13,
03a4e70a-9f1,a22c3a35-670,Lastro de concreto para piso cimentado,m²,99.28,
963f90bc-96b,a22c3a35-670,Lousa escolar com moldura em peroba,m²,6.48,
04bd20cd-7f4,a22c3a35-670,Limpeza geral das edificações,m²,1856,
582373aa-6a6,a22c3a35-670,Manta geotextil Bidim,m²,32.86,
8e239a38-933,a22c3a35-670,"Piso cimentado impermeabilizado esp. 1,5cm",m²,3210.93,
9b6a2b2f-a16,a22c3a35-670,Pintura de quadra esportiva com tinta acrílica,m²,1993.1,
05fec275-7cb,a22c3a35-670,Reaterro apiloado de valas com vibratório placa,m³,30.983,
e2b7c87b-ec8,a22c3a35-670,Regularização de base para pisos vinílicos,m²,106.06,
9be4a5f0-a4c,a22c3a35-670,Regularização base revest. cerâmico com imperm.,m²,1712.15,
2d528abe-12d,a22c3a35-670,Retirada de guias de concreto pré-fabricados,m,75,
433e0a98-aa6,a22c3a35-670,Rejuntamento de blocos hexagonais de concreto,m²,263.45,
766663d5-366,a22c3a35-670,Sarjeta ou sarjetão de concreto,m³,18.26,
5504373e-dba,a22c3a35-670,Remoção de grama,m²,1087.29,
57fe686d-c07,a22c3a35-670,Reassentamento de ripas de peroba 1x7cm,m³,34.28,
4da88c21-ad7,a22c3a35-670,Telha fibrocimento ondulada 8mm,m²,144,
755a483d-f18,a22c3a35-670,Tábuas de pinho para fundações (5 usos),m²,160.71,
8e405385-696,a22c3a35-670,Telha ondulada de cimento amianto de 8mm,m²,259.98,
c22b2b61-830,a22c3a35-670,Tubo de aço galvanizado de 32mm,m,435.25,
efa9424a-cef,a22c3a35-670,Verniz silicone em paredes de bloco,m²,336.04,
bedd2f2c-337,a22c3a35-670,Tapumes compensado 6mm inclusive portões,m²,60.28,
80f77950-343,8abcfdb1-fc2,Abertura caixa para pavimentação,m²,1555.98,
2d6c6f4c-f4f,8abcfdb1-fc2,Aço CA50/60 (Geral),kg,3696.07,
a8c89407-b3e,8abcfdb1-fc2,Aço CA50/60 (Infraestrutura),kg,2024.35,
911c0c70-970,8abcfdb1-fc2,Aço Ca50/60 (Superestrutura),kg,214.81,
5b77ddb7-a1c,8abcfdb1-fc2,Alvenaria com bloco concreto esp. 14cm,m²,3.6,
d6cbb309-387,8abcfdb1-fc2,Alvenaria em bloco concreto esp. 9cm,m²,477.88,
0aaee8f9-810,8abcfdb1-fc2,Aplicação de verniz poliuretano em bancada de concreto (3 demãos),m²,53.38,
75e99691-351,8abcfdb1-fc2,Aplicação de verniz em esquadria de madeira (3 demãos),m²,178.25,
72fc0411-cf7,8abcfdb1-fc2,Assentamento de placas lisas de borracha 50x50cm esp. 8mm,m²,25,
72eef3e8-ffd,8abcfdb1-fc2,Assentamento lajota sextavada sobre colchão areia,m²,1551.45,
f87e2d7a-458,8abcfdb1-fc2,Azulejo branco junta a prumo com cimento colante,m²,5.62,
a38e2b5d-29b,8abcfdb1-fc2,Caiação em paredes,m²,4331.41,
4c510ffe-ea6,8abcfdb1-fc2,Caixilho de alumínio anodizado fosco com contramarco e venezianas,m²,54.81,
29d90842-093,8abcfdb1-fc2,Chapisco com argamassa cimento e areia,m²,875.21,
efcedad8-1e4,8abcfdb1-fc2,Cobertura com telha de fibrocimento canalete 49,m²,543.53,
0f4743da-977,8abcfdb1-fc2,Colocação de alavanca para caixilho de alumínio basculante,un,48,
af9ee093-e92,8abcfdb1-fc2,Colocação de proteção de madeira de lei 15cm (Sala de Aula),M.L.,225.1,
e9f84693-399,8abcfdb1-fc2,Colocação tampa ralo ferro fundido 20x20cm,un,26,
dbc47e15-e87,8abcfdb1-fc2,Concreto Fck 150 kg/cm² inclusive preparo e lançamento,m³,50.68,
1f6ef584-675,8abcfdb1-fc2,Confecção caixa inspeção em alvenaria 50x50x50cm,un,39,
3b7bc2f1-1ae,8abcfdb1-fc2,"Confecção e colocação portão madeira 1,40x1,0m",un,2,
a8965f9e-a82,8abcfdb1-fc2,Confecção de projeto drenagem águas pluviais,-,Executado,
d976c362-4a8,8abcfdb1-fc2,Cumeeira normal de fibrocimento para telha de cavalete 49,M.L.,41.85,
69527045-8ce,8abcfdb1-fc2,Demarcação quadra esportiva,M.L.,620,
dd1a8db9-636,8abcfdb1-fc2,Demolição cobertura com telha fibrocimento,m²,543.53,
33a30adb-370,8abcfdb1-fc2,Demolição concreto simples,m³,153.868,
44ae09af-996,8abcfdb1-fc2,Demolição de ladrilho hidráulico,m²,14.51,
284d71b0-4c4,8abcfdb1-fc2,Demolição de revestimento com argamassa,m²,157.98,
69e3019c-338,8abcfdb1-fc2,Demolição piso cimentado sobre lastro concreto,m²,1424.06,
75ebc3a4-246,8abcfdb1-fc2,Demolição rodapé cerâmico,M.L.,40.3,
49822a8d-b0b,8abcfdb1-fc2,Disjuntor tipo Quick-Lag 25A,un,52,
948e93b8-b8f,8abcfdb1-fc2,Disjuntor tripolar 100A,un,2,
a0e87b79-f26,8abcfdb1-fc2,Emassamento de paredes e forro (2 demãos massa PVC),m²,879.94,
c945f9a5-f30,8abcfdb1-fc2,Emassamento esquadrias de madeira,m²,21.31,
b8144a56-044,8abcfdb1-fc2,Emboço com argamassa mista,m²,927.71,
5eb1f4b0-8f7,8abcfdb1-fc2,"Escavação manual solo qualquer categoria até 2,0m",m³,166.812,
e4c9fcce-375,8abcfdb1-fc2,Estrutura de madeira p/ sustentação telha de fibrocimento,m²,543.53,
71a46c73-ea3,8abcfdb1-fc2,Execução de pastilhas em fachadas,m²,25,
d7954c2f-04e,8abcfdb1-fc2,"Fio de cobre 2,5mm²",M.L.,296,
d4afdaf9-e6e,8abcfdb1-fc2,Formas para fundação com tábua pinho,m²,69.17,
69fee2a0-6b6,8abcfdb1-fc2,Formas para superestrutura com tábua pinho,m²,56.94,
e820cc36-fa2,8abcfdb1-fc2,"Fornecimento e colocação porta interna cedro lisa 0,60x2,10m",un,8,
08aaf6e8-fc3,8abcfdb1-fc2,"Fornecimento e colocação porta interna cedro lisa 0,80x2,10m",un,6,
d02fa417-53d,8abcfdb1-fc2,"Fornecimento e colocação porta interna cedro lisa 1,00x2,10m",un,24,
7d78bab1-62b,8abcfdb1-fc2,Fornecimento e colocação vidros com caixilhos inclusive massa,m²,21.16,
663eae20-0cd,8abcfdb1-fc2,Impermeabilização calhas,m²,628.25,
ba9a79a2-92e,8abcfdb1-fc2,Instalação tanque concreto,un,1,
3069f09e-a53,8abcfdb1-fc2,"Instalação tubo aço galvanizado Ø 1/2"" p/ cortina",M.L.,278.1,
629d1c6e-c3d,8abcfdb1-fc2,Ladrilho hidráulico para passeios,m²,14.51,
3748ebee-64d,8abcfdb1-fc2,Lastro pedra britada,m²,46.296,
64790f04-6d2,8abcfdb1-fc2,Lastro concreto magro inclusive lançamento,m³,0.72,
975ed073-c95,8abcfdb1-fc2,Limpeza com escova de aço inox caixilhos metálicos,m²,584,
f9a5b788-83e,8abcfdb1-fc2,Limpeza de pisos e revestimentos,m²,2305.09,
029e8c6e-c9a,8abcfdb1-fc2,Limpeza pastilhas com cloro e solvente apropriado,m²,2070,
6251dada-34f,8abcfdb1-fc2,Pintura à óleo em paredes (2 demãos),m²,1990.6,
53a8ae09-b53,8abcfdb1-fc2,Pintura esmalte em esquadrias ferro (2 demãos),m²,3.47,
e719b69c-c26,8abcfdb1-fc2,Pintura grafite com fundo anti corrosivo (2 demãos),m²,1307.5,
e6be8efd-12e,8abcfdb1-fc2,Pintura látex em paredes (2 demãos s/ massa),m²,6731.8,
f37a3b2b-6ab,8abcfdb1-fc2,Pintura óleo em esquadrias de madeira,m²,287.89,
83a9e3a7-08b,8abcfdb1-fc2,"Piso cimentado 1,50x1,50m com junta de madeira",m²,844.73,
a0f1b908-121,8abcfdb1-fc2,Piso cimentado acabamento liso,m²,46.296,
f81041c4-676,8abcfdb1-fc2,Piso cerâmico comum incluindo regularização de base,m²,35.93,
c9a630c6-b43,8abcfdb1-fc2,Piso cimentado rústico com lastro argamassa cimento e areia,m²,2.86,
5b3aff8e-2da,8abcfdb1-fc2,Portão ferro chapa dupla nº 14 (acesso veículos),m²,11.37,
e457179b-0ee,8abcfdb1-fc2,Preparo e lançamento concreto Fck 150 kg/cm² (Infra),m³,27.046,
46fa45b0-38b,8abcfdb1-fc2,Preparo e lançamento concreto Fck 150 Kg/cm² (Super),m³,1.035,
a461ce84-4b7,8abcfdb1-fc2,Rejuntamento com asfalto e pedrisco,m²,1555.45,
c5f069b3-6dd,8abcfdb1-fc2,Rejuntamento de pastilha em fachada,m²,1587.25,
c1739413-197,8abcfdb1-fc2,Reaterro valas com o próprio material escavado,m³,126.6,
d7af9df6-ac5,8abcfdb1-fc2,Reaterro valas com areia,m³,175.41,
d59e676c-86c,8abcfdb1-fc2,Reboco com argamassa pré-fabricada,m²,927.71,
a32d1f41-d3c,8abcfdb1-fc2,"Reforma geral sistema água fria (PVC 25, 32 e 50mm)",M.L.,61.75,
c7c31444-269,8abcfdb1-fc2,"Reforma geral sistema águas pluviais (PVC 6"", 4"" e Conc.)",M.L.,251.15,
4c376012-3c4,8abcfdb1-fc2,Reparo em válvula hidra,un,37,
45782f40-092,8abcfdb1-fc2,Reparo em sifão sanitário,un,3,
502eba3e-329,8abcfdb1-fc2,Reparo em vaso sanitário,un,1,
2c4c84c9-1a4,8abcfdb1-fc2,Reparo em moldura quadro negro,M.L.,501.6,
7b84a188-56e,8abcfdb1-fc2,Reparo em porta giz,M.L.,132,
a58399e6-878,8abcfdb1-fc2,Reparo em telha canalete,m²,3076.09,
93f46070-7c6,8abcfdb1-fc2,Regularização de base para placas de borracha,m²,25,
e8cd6453-720,8abcfdb1-fc2,Retirada e recolocação de vidros planos,m²,443,
e554b445-2f1,8abcfdb1-fc2,Retirada e reassentamento das placas lisas de borrachas,m²,76,
dbd5230b-96a,8abcfdb1-fc2,Retirada de portas e janelas,m²,425.27,
cefdbe18-734,8abcfdb1-fc2,Retirada de esquadrias metálicas,m²,10.2,
fa4bd3e7-e49,8abcfdb1-fc2,Retirada pintura antiga a cal,m²,2292,
46ad430a-db8,8abcfdb1-fc2,Revisão geral das instalações elétricas,M.L.,106,
a9b69167-73e,8abcfdb1-fc2,Revisão geral em toda esquadria metálica,m²,584.9,
649eec45-0c9,8abcfdb1-fc2,Rodapé cerâmico,M.L.,63.3,
a6fbc2a6-c87,8abcfdb1-fc2,Revestimento eucatex,m²,158.4,
de5237d2-8c4,8abcfdb1-fc2,Rufo chapa aço galvanizado,M.L.,26,
c2b53f04-ff5,8abcfdb1-fc2,Transporte material escavado (carga mecânica),m³xkm,886.738,
698b640f-ce8,8abcfdb1-fc2,Transporte material escavado (carga manual),m³xkm,158,
155e1cb2-1c9,c82ff53e-555,Manutenção Caldeiraria,,1,
9262d77b-813,c82ff53e-555,Manutenção Elétrica,,1,
b96a7abf-07f,c82ff53e-555,Manutenção Instrumentação,,1,
7983a256-97a,c82ff53e-555,Manutenção Mecânica,,1,
33fcd445-dbe,80aac755-8aa,Aço CA 50/60 (Linha 18),kg,3281.62,
e9a8ef3f-524,80aac755-8aa,Aço CA 50/60 (Linha 21),kg,7704.41,
4fa4ba0e-4c3,80aac755-8aa,Alvenaria em bloco concreto esp. 14 (Linha 22),m²,986.38,
36fb2e30-13d,80aac755-8aa,Alvenaria em bloco concreto esp. 19 cm (Linha 23),m²,341.33,
c2d8558f-084,80aac755-8aa,Alvenaria tijolo comum espessura 10 cm (Linha 47),m²,8.71,
a7c12e85-600,80aac755-8aa,Boca de lobo com ralo concreto (Linha 34),un,4,
b57e2572-0df,80aac755-8aa,Brita para drenos (Linha 30),m³,30.76,
c8287e3b-bfe,80aac755-8aa,Caiação - três demãos (Linha 42),m²,530.07,
0b102c40-336,80aac755-8aa,Chapisco (Linha 25),m²,2455.88,
0925cf64-990,80aac755-8aa,Concreto Fck 150 kg/cm2 (Linha 13),m³,51.08,
e7c16fbe-5e4,80aac755-8aa,Concreto Fck 150 kg/cm2 (Linha 18),m³,121.22,
e6a44a31-55e,80aac755-8aa,Concreto estrutural Fck 150 kg/cm2 (Linha 46),m³,0.13,
a08b2562-c65,80aac755-8aa,Demolição de concreto simples (Linha 12),m³,1.33,
46cd814b-79c,80aac755-8aa,Emboço com argamassa mista de cal hidratada (Linha 26),m²,146.96,
04788126-12c,80aac755-8aa,"Escavação manual - solo qualquer categoria até 2,00 m (Linha 12)",m³,79.84,
db089307-2df,80aac755-8aa,Escavação manual de valas (Linha 41),m³,13,
e0e71e83-4f2,80aac755-8aa,Escavação manual de valas (Linha 41 - segunda menção),m³,27.01,
7c7f1dd6-486,80aac755-8aa,Escavação manual (Linha 43),m³,0.26,
308eee0f-c91,80aac755-8aa,Escavação mecânica medido na caixa (Linha 44),m³,148.54,
4c546b78-c27,80aac755-8aa,Ferragem (Linha 45),kg,10.6,
a58fd554-1c6,80aac755-8aa,Formas em madeira 12 mm resinada (Linha 19),m²,1354,
d8e09b77-6dc,80aac755-8aa,Formas para fundação com tábuas pinho (Linha 17),m²,237.82,
b9c51aa4-f7d,80aac755-8aa,Formas comuns para pilares aproveitamento 2 vezes (Linha 20),m²,54.72,
56b0a4aa-dd8,80aac755-8aa,Forma tábua pinho (Linha 44),m³,1.83,
ec20c7f0-012,80aac755-8aa,"Guias retas ou curvas, pré-fabricadas (Linha 31)",m,207.35,
a0a19dd4-0e3,80aac755-8aa,Ladrilho hidráulico incluindo regularização de base (Linha 29),m²,92.53,
3d5b6b56-4aa,80aac755-8aa,Lastro pedra britada (Linha 15),m³,25.7,
3702960c-37e,80aac755-8aa,Lastro de concreto (Linha 28),m³,4.61,
3371c58d-140,80aac755-8aa,Lastro de brita apiloado (Linha 43),m³,0.02,
f3883176-5ac,80aac755-8aa,Pavimentação em lajotas sextavadas (Linha 37),m²,727.85,
a476babb-e5b,80aac755-8aa,"Preparo caixa até 0,40 m (Linha 36)",m²,767.29,
e5f74a66-f20,80aac755-8aa,Reaterro cavas com próprio material escavado (Linha 16),m³,53.72,
ee12c8d5-ecb,80aac755-8aa,Reaterro de valas com próprio material escavado (Linha 40),m³,13,
99f35a76-918,80aac755-8aa,Rejuntamento com asfalto oxidado e pedrisco (Linha 39),m²,727.85,
cf48b42e-269,80aac755-8aa,Revestimento com argamassa cimento e areia 1:3 (Linha 24),m²,3887.51,
e40706c0-347,80aac755-8aa,Revestimento lajes cobertura argamassa impermeabilizante (Linha 27),m²,449.95,
87c22aa1-5ef,80aac755-8aa,Sarjetas inclusive base (Linha 32),m,251.5,
6854acda-c98,80aac755-8aa,Transporte material escavado ou demolido (Linha 33),m³xkm,145.21,
02a1ba2f-29b,80aac755-8aa,"Tubo concreto simples Ø 0,30m (Linha 33)",m,6,
f4d72c45-56b,80aac755-8aa,Tubo de água pluvial Ø 88 (Linha 30),m,45.9,
4fa9ae8c-f77,80aac755-8aa,"Tubo PVC marrom 2"" (Linha 29)",m,860.05,
2f68fbd5-488,bdd0c7d5-306,Restauração asfáltica (tapa buraco) em várias ruas da RPBC,m²,660,
caa2802e-5f1,8495bbf0-54d,"Cravação de estacas pré-moldadas, capacidade de 30t de carga vertical e 3t de carga horizontal",,Não especificado,
6626133c-b3c,8495bbf0-54d,"Escavação manual e mecânica em solos, carga, transporte, descarga, espalhamento e esgotamento de cavas",,Não especificado,
ab95701a-c8e,8495bbf0-54d,Reaterro com material proveniente de escavação compactado manualmente,,Não especificado,
f7f33963-f75,8495bbf0-54d,"Execução de forma com escoramento para fundações e estruturas de concreto até 3,00 metros de altura, em tábuas de pinho",,Não especificado,
b633c358-05f,8495bbf0-54d,"Fornecimento e aplicação de concreto magro, concreto estrutural com fck 15 MPa",,Não especificado,
98cafc10-1ac,8495bbf0-54d,"Armação de ferro CA-25, CA-50 e CA-60 para concreto armado",,Não especificado,
f5dd5616-0d4,8495bbf0-54d,"Fornecimento e assentamento de ""Inserts"" e peças metálicas embutidas no concreto",,Não especificado,
d18168f3-f85,8495bbf0-54d,Demolição de piso de concreto armado,,Não especificado,
2615b141-b5f,8495bbf0-54d,"Execução de piso de concreto armado com 10 cm de espessura e tela tipo ""TELCON""",,Não especificado,
0677d4d7-b7d,8495bbf0-54d,Desmontagem de painel de controle existente,,Não especificado,
dcf54391-6b0,8495bbf0-54d,Construção de torre para captação de ar fresco e modificações na alvenaria do prédio da sala de controle,,Não especificado,
d3a8ec22-166,8495bbf0-54d,"Fornecimento e instalação de sistema ""SELF CONTAINED"" de ar condicionado para a sala de controle",,Não especificado,
114a893e-a24,8495bbf0-54d,Sistema de pressurização para copa e vestiário,,Não especificado,
557f53c4-9d5,8495bbf0-54d,Fornecimento e instalação de esquadrias e janelas da sala de controle e execução de vidros,,Não especificado,
01025136-755,01c16ec4-c86,Área total construida ,m2,1248,
884cad4c-0c6,01c16ec4-c86,"Fornecimento total: Mão-de-obra, materiais, ferramentas e equipamentos necessários.",,,
0d9cbfec-0cd,01c16ec4-c86,Alvenaria: Execução em alvenaria estrutural aparente.,,,
4e85f0ec-aaf,01c16ec4-c86,Abrangência: Construção completa de 3 unidades de canteiro.,,,
22af1592-811,b38548e4-853,"Abraçadeira galv. tipo ""D"" diam. 3/4"", inclusive fixação",un,120,
2ae092d8-a12,b38548e4-853,"Abraçadeira para lâmpada fluorescente, inclusive fixação",un,24,
3b3afadd-6a8,b38548e4-853,Abrigo provisório com um pavimento para alojamento e depósito,m²,25.27,
4183cd41-e28,b38548e4-853,Alvenaria de tijolos comuns com argamassa mista traço 1:2:9,m³,265.37,
2ddff761-8f7,b38548e4-853,Apiloamento de fundo de vala com maço de 30kg,m²,241.25,
ce7380ef-bcf,b38548e4-853,"Armadura CA-50 média diam. 6,35 a 9,52mm (1/4"" a 3/8"")",kg,1261.48,
7c14c40b-bc6,b38548e4-853,"Azulejos, junta a prumo com cimento colante",m²,317.56,
5bc08ad7-a2a,b38548e4-853,Bacia sifonada de louça com acessórios,un,9,
7e07a8c7-185,b38548e4-853,"Bancada de mármore espessura 3cm larg. 0,60m",m,1.82,
a63e6293-f5b,b38548e4-853,Blocos de concreto 14x19x39cm argamassa mista com cal hidratada esp. 14cm,m²,398.3,
ce6dc502-57d,b38548e4-853,Blocos de vidro com argamassa mista com cal hidratada esp. 10cm,m²,10.74,
e7ebc708-2d5,b38548e4-853,Cabo de cobre nu seção=35mm²,m,80,
c70d15d9-ef2,b38548e4-853,"Caixa em alvenaria 0,30x0,30x0,70m",pç,2,
24a05ea5-035,b38548e4-853,Caixa sifonada de PVC branco com grelha cromada 150x150x50,un,7,
ace03cd6-63a,b38548e4-853,Caixilho de ferro basculante,m²,0.6,
277f779d-769,b38548e4-853,Cal em 3 demãos,m²,277.27,
d2aea420-85c,b38548e4-853,Cantoneira de alumínio para azulejos,m,4.8,
1332799b-17a,b38548e4-853,Carga de entulho em caminhão basculante,m³,220,
938ebc60-2a7,b38548e4-853,Cerâmica comum com argamassa mista de cal hidratada,m²,115.16,
bbdfe83c-6ad,b38548e4-853,Chapisco com argamassa de cimento e areia sem peneirar 1:3,m²,506.18,
863ac333-fde,b38548e4-853,Cobertura de telha de fibrocimento canalete 49,m²,103.91,
55f393bd-735,b38548e4-853,Cobertura de telha de fibrocimento canalete 90 inclinação 3%,m²,166.01,
a438582b-c7f,b38548e4-853,"Condulete em alumínio, inclusive fixação",un,7,
9906e31a-51f,b38548e4-853,Conjunto interruptor uma tecla simples e tomada universal 10A 250V,un,14,
d9d46bd9-2f0,b38548e4-853,Concreto estrutural pré-misturado FCK 15 MPA,m³,110.49,
68c801b6-a63,b38548e4-853,Cuba de louça de embutir completa,un,5,
9207ce8d-35f,b38548e4-853,Demolição de alvenaria de tijolos comuns com argamassa mista sem reaproveitamento,m³,265.37,
ee2c1b0c-154,b38548e4-853,Demolição de cobertura de telha de fibrocimento canalete 49,m²,103.91,
12e8bc67-efd,b38548e4-853,Demolição de concreto armado com martelete pneumático,m³,46.47,
a74cee4c-58a,b38548e4-853,Demolição de concreto simples,m³,434.38,
2edbfac3-12d,b38548e4-853,Demolição de divisória de granilite,m²,9.6,
dcafae7a-903,b38548e4-853,Demolição de divisória tipo solidor,m²,28.39,
6d18aaa3-885,b38548e4-853,Demolição de piso cerâmico,m²,93.68,
f7a94cc3-bcc,b38548e4-853,Demolição de piso cimentado s/ lastro de concreto,m²,23.73,
0d28acaa-6d3,b38548e4-853,Demolição de piso tipo ladrilho inclusive lastro de concreto,m²,15.24,
3ace1b5e-78e,b38548e4-853,Demolição de revestimento com argamassa,m²,16.1,
69b2af50-a96,b38548e4-853,Demolição de revestimento com azulejos,m²,303.95,
2c32be0d-eaf,b38548e4-853,Desmontagem de painel de controle existente,un,1,
09a26a0f-278,b38548e4-853,Eletroduto de PVC roscável diam. 25 mm,m,215.62,
f07d9fde-0d9,b38548e4-853,Eletroduto de PVC roscável diametro 50mm,m,28.8,
0e50ab00-433,b38548e4-853,Elemento vazado de concreto com argamassa cimento/areia 8x49x50cm,m²,12.5,
c7cdb7ee-f39,b38548e4-853,Emassamento de esquadria de madeira para tinta óleo ou esmalte,m²,101.25,
3212fe7a-e40,b38548e4-853,Emassamento de paredes internas com 2 demãos com massa de PVA,m²,864.33,
de7caca1-6d2,b38548e4-853,"Emboço com argamassa mista, cimento, cal hidratada, areia sem peneirar 1:2:9",m²,419.91,
6be7bab6-4f8,b38548e4-853,Enchimento de rasgo com argamassa diam. 15 a 25mm,m,42.14,
50be5dde-14e,b38548e4-853,Enchimento de rasgo com argamassa diam. 32 a 50mm,m,42.2,
00bed661-b0b,b38548e4-853,Escavação manual campo aberto em terra até 2m,m³,0.84,
f10c7e79-636,b38548e4-853,"Escavação manual de valas em terra até 2,00m",m³,37.19,
1d04f9c6-895,b38548e4-853,Esmalte em duas demãos em esquadrias de madeira,m²,736,
d9f9587b-89f,b38548e4-853,"Fio isolado em PVC p/ 750V 1,5mm²",m,130,
742cf009-b87,b38548e4-853,"Fio isolado em PVC p/ 750V 2,5 mm²",m,493.64,
c12524cf-87b,b38548e4-853,Forro em fibra de vidro 600x1200mm E=20mm em estr. alum. anod.,m²,118,
59fcb666-bcf,b38548e4-853,"Forma com chapa compensada, resinada 12mm utilização 3 vezes",m²,219.73,
01570681-df0,b38548e4-853,Gradil de ferro de correr tipo orsometal,m²,8.42,
c5a8ff28-851,b38548e4-853,Grafite duas demãos em esquadria de ferro,m²,40,
8268c353-409,b38548e4-853,"Haste de aterramento diam. 5/8""x 2,40m com conector",pç,3,
90b7bfd4-fa3,b38548e4-853,Impermeabilização debaixo banheiro cozinha c/ tinta asfáltica,m²,13.44,
fb93f3b1-b91,b38548e4-853,Impermeabilização e baldrames,m²,190.14,
0aea3ce8-7c2,b38548e4-853,Interruptor uma tecla simples 10A 250V,un,8,
2a850315-a2e,b38548e4-853,Janela de madeira tipo basculante completa inclusive batente,m²,37.47,
4934f78f-0a8,b38548e4-853,"Joelho 90º PVC sold. azul diam. 25x1/2""",un,42,
3a01e77f-415,b38548e4-853,Ladrilhos hidráulicos com argamassa mista com cal hidratada,m²,17.92,
1f17a7f3-e43,b38548e4-853,Laje pré-fabricada para forros espessura 10 cm,m³,15.47,
1f388ad9-870,b38548e4-853,Lançamento e aplicação de concreto em fundação,m³,112.37,
ad40c91e-f88,b38548e4-853,"Lâmpadas fluorescente 40W, luz do dia",un,50,
b5e99ba2-8f6,b38548e4-853,Lastro de brita 3 e 4 apiloado manualmente,m³,83.41,
f4e637bc-a7d,b38548e4-853,"Lavatório de louça branca s/coluna, c/torneira e acessórios",un,5,
276756f0-400,b38548e4-853,Ligação provisória de luz e força,un,1,
932fdcd9-795,b38548e4-853,Luminária fluorescente completa 2x20W,un,5,
bb88e4b5-c3f,b38548e4-853,Luminária fluorescente completa 2x40W,un,25,
761a7c67-b75,b38548e4-853,Luminária fluorescente completa 4x40W,un,6,
dc758fa5-ead,b38548e4-853,"Mastro de ferrro galvanizado a fogo tipo pesado diam. 1 1/2""c/ 6m",pç,4,
38035201-c85,b38548e4-853,Para-raio tipo Franklin,pç,4,
0a68b67f-81a,b38548e4-853,Pintura a cal em 3 demãos,m²,277.27,
72cf80ca-247,b38548e4-853,Pintura em tinta a óleo em paredes internas 2 demãos s/ massa,m²,1824.78,
231f9ecd-fd6,b38548e4-853,Pintura latex 3 demãos em paredes internas s/massa,m²,6233.14,
2ba9f801-a6e,b38548e4-853,Piso rústico de concreto ripado,m²,190.1,
9316229f-94e,b38548e4-853,Placa vinílica 30x30 cm E=2mm,m²,391.26,
0c9361d3-aa7,b38548e4-853,Placas indicativas de obra,m²,4.5,
186d899c-4e5,b38548e4-853,Porta comp. para armário sob pia,m²,6,
ba170490-e02,b38548e4-853,Porta de alumínio,m²,2.5,
f2cc9045-fb1,b38548e4-853,Porta de bancada/armário revestido de fórmica (incl. bat. ferrag.),m²,3.11,
fa5175dd-4a5,b38548e4-853,Porta de enrolar,m²,2.64,
b5e5f5e0-b43,b38548e4-853,"Porta interna de cedro lisa completa uma folha 0,80x2,10",un,6,
de842415-03f,b38548e4-853,Porta-papel de louça branca 15x15cm,un,5,
f30e1590-dab,b38548e4-853,Porta-toalha de louça branca,un,3,
789eb354-da6,b38548e4-853,"Portas internas de cedro lisa completa uma folha 0,60x2,10",un,2,
a4fff204-e71,b38548e4-853,"Portas internas de cedro lisa comp. uma folha 0,70x2,10",un,5,
aa21be44-e8c,b38548e4-853,Ralo seco de PVC rígido,un,5,
6d346a38-07c,b38548e4-853,Rasgo em alvenaria para tubulações diam. 15 a 25mm,m,42.14,
c96e8b4d-6f5,b38548e4-853,Rasgo em alvenaria para tubulações diam. 32 a 50 mm,m,42.5,
213647b4-348,b38548e4-853,Reaterro apiloado de valas,m³,20.7,
99430f28-301,b38548e4-853,Reboco com argamassa de cal virgem areia peneirada 1:1:5,m²,378.37,
33926bfb-e96,b38548e4-853,Recuperação e reassentamento de esquadrias de madeira,m²,109.48,
ca7f04f6-997,b38548e4-853,"Redução galvanizada a fogo diam. 1 1/2""x 3/4""",pç,4,
277fc988-eba,b38548e4-853,"Registro de gaveta bruto diam. 20mm (3/4"")",un,14,
a93bb99a-15c,b38548e4-853,"Registro de gaveta bruto diam. 40 mm (1 1/2"")",un,3,
ce7656f3-601,b38548e4-853,Regularização de base para placas de borr. com cola de Neoprene,m²,256.17,
3b32d0d8-743,b38548e4-853,Regularização de base para pisos com granilite,m²,118.34,
42577ec5-165,b38548e4-853,Remoção de pintura a óleo ou esmalte,m²,6.27,
8424f22f-78f,b38548e4-853,Retirada de esquadrias metálicas,m²,3.72,
3efd7e91-17a,b38548e4-853,"Retirada de portas e janelas, inclusive batentes",m²,80.87,
c8d56556-1bb,b38548e4-853,Saboneteira de louça branca 15x15cm s/alça,un,5,
94c4e902-7fc,b38548e4-853,Split Bolt p/ cabo secção=35mm²,pç,20,
94c6a5c7-193,b38548e4-853,Tábuas de pinho para fundações utilização 5 vezes,m²,82.8,
deac3f35-6e7,b38548e4-853,Tapume de chapa de madeira compensada,m²,164.54,
5286d2a5-89f,b38548e4-853,Telha de fibrocimento canalete 49,m²,44.43,
83dc1c56-0da,b38548e4-853,Tijolos comuns com argamassa mista com cal hidratada esp. 20 cm,m²,8.46,
fc874d81-407,b38548e4-853,Tomada universal 10A 250V,un,22,
d01fa25a-fff,b38548e4-853,Torneira de pressão cromada longa para pia,un,3,
a93ca78e-abd,b38548e4-853,Transporte de material exceto rocha em caminhão até 5km,m³,220,
4aae33dd-b97,b38548e4-853,Tubo de PVC branco para esgoto diam. 100 mm incl. conexões,m,38.3,
93c9c050-17d,b38548e4-853,"Tubo de PVC branco para esgoto diam. 40 mm (1 1/2"") incl. conexões",m,44.3,
7175e935-af4,b38548e4-853,"Tubo soldável de PVC marrom i.c. diam. 25 mm (3/4"")",m,69.14,
1a3c266c-a9f,b38548e4-853,"Tubo soldável de PVC marrom i.c. diam. 50 mm (1 1/2"")",m,47.3,
a65b97c3-3f2,b38548e4-853,Válvula de descarga cromada com canopla lisa diam. 40mm,un,20,
7b42fd5f-a32,b38548e4-853,Verga reta de concreto armado,m²,10.8,
34e506ce-006,b38548e4-853,Vidro comum em caixilhos com massa,m²,37.43,
3b19ee61-263,b38548e4-853,Viga de peroba rosa 6x16 para cobertura colocada incl. acess.,m,64.1,
30ea55d2-45e,00e2aa3b-323,"Abraçadeira galv. tipo ""D"" diam. 3/4"", inclusive fixação",un,34,
59baa497-c85,00e2aa3b-323,"Abraçadeira para lâmpada fluorescente, inclusive fixação",un,160,
1fb3e978-d83,00e2aa3b-323,Abrigo provisório com um pavimento para alojamento e depósito,m²,20.9,
73a55d0f-7c8,00e2aa3b-323,Apiloamento de paredes,m²,4.85,
3af09dc2-26d,00e2aa3b-323,Apiloamento de piso ou fundo de valas com maço de 30 kg,m²,393.58,
9c51189a-9cd,00e2aa3b-323,"Armadura para infra-estrutura CA-50 média diam. 6,35 a 9,52 mm",kg,451.24,
b78084f0-7d1,00e2aa3b-323,"Armadura para superestrutura CA-50 média diam. 6,25 a 9,52 mm",kg,656.68,
759e4a59-4bc,00e2aa3b-323,Assentamento de piso em ardósia com argamassa mista de cal,m²,188.91,
073bd3ea-4c9,00e2aa3b-323,"Azulejos, junta a prumo com cimento colante",m²,25.38,
af839dc1-432,00e2aa3b-323,Blocos de concreto aparente com argamassa mista com cal hidratada esp. 9 cm,m²,104.36,
fb6c15aa-90b,00e2aa3b-323,Blocos de concreto com argamassa mista com cal hidratada esp. 14 cm,m²,17.06,
8e6f2101-f20,00e2aa3b-323,"Cabeçote em alumínio diam. 1 1/2""",un,1,
daf4d342-a40,00e2aa3b-323,Cabo de cobre nu seção = 35 mm²,m,300,
5902c2e7-7bb,00e2aa3b-323,"Cabo isolado em PVC 750 v, 16 mm²",m,50,
8e5bf8ff-454,00e2aa3b-323,"Caixa em alvenaria 0,30x0,30x0,70 m",pç,9,
74aff749-6b5,00e2aa3b-323,"Caixa tipo III, padrão Eletropaulo",un,1,
0b0f70fb-c2b,00e2aa3b-323,Cal em 3 demãos,m²,201,
49f6d04c-011,00e2aa3b-323,Chapisco com argamassa de cimento e areia sem peneirar 1:3,m²,277.35,
f1fc6006-e4c,00e2aa3b-323,Cobertura de telhas onduladas de fibrocimento,m²,117.56,
703db6b5-394,00e2aa3b-323,Concreto estrutural com betoneira controle tipo B FCK 150 MPA (Fundação),m³,24.79,
c795bde7-92e,00e2aa3b-323,Concreto estrutural com betoneira controle tipo B FCK 150 MPA (Superestrutura),m³,15.63,
808bf7e6-865,00e2aa3b-323,"Condulete em alumínio, inclusive fixação",un,9,
0bc705f6-627,00e2aa3b-323,Conjunto interruptor duas teclas simples 10 A 250 v,un,2,
8b845633-2f9,00e2aa3b-323,Conjunto interruptor uma tecla simples e tomada universal 10 A 250 v,un,6,
d1a4f29c-a6b,00e2aa3b-323,"Contrapiso p/ revestimento vinílico, argamassa cimento/areia E=3 cm",m²,200.44,
be84c5b0-b9b,00e2aa3b-323,Cuba de louça de embutir completa,un,14,
85259d43-267,00e2aa3b-323,Cumeeira normal de fibrocimento para telha ondulada,m,18.7,
826bb9a7-b11,00e2aa3b-323,Demolição de alvenaria de tijolos comuns com argamassa mista,m³,62.2,
14613662-9a4,00e2aa3b-323,Demolição de cobertura com telhas onduladas de fibrocimento,m²,117.56,
09acfa11-187,00e2aa3b-323,Demolição de concreto armado com martelete pneumático,m³,2.03,
af7b846f-3f3,00e2aa3b-323,Demolição de concreto simples,m³,33.09,
dd84f031-cbf,00e2aa3b-323,Demolição de estrutura de madeira para telhados,m²,32.2,
712a323c-85f,00e2aa3b-323,Demolição de forro de tábuas de pinho,m²,50,
490fc41b-779,00e2aa3b-323,Demolição de piso cerâmico sem lastro de concreto,m²,27.72,
fb63f154-f87,00e2aa3b-323,Demolição de piso cimentado sem lastro de concreto,m²,159.64,
d04e785a-683,00e2aa3b-323,Demolição de revestimento com argamassa,m³,5.48,
82df6cbc-0df,00e2aa3b-323,Demolição de revestimento com azulejos,m²,6.97,
c82da935-aa3,00e2aa3b-323,Disjuntor monopolar em quadro de distribuição 32A,un,6,
792b50aa-63b,00e2aa3b-323,Eletroduto de PVC roscável diam. 25 mm,m,70,
dd0dac0a-a4d,00e2aa3b-323,Emassamento de paredes internas com 2 demãos com massa à óleo,m²,226.09,
621db2d9-a48,00e2aa3b-323,"Emboço com argamassa mista, cimento, cal, areia 1:2:9",m²,239.01,
283b71db-1b1,00e2aa3b-323,Esmalte em duas demãos em esquadrias de ferro,m²,291.16,
968d3398-3e7,00e2aa3b-323,Esmalte em duas demãos em esquadrias de madeira,m²,201,
297a49c2-5af,00e2aa3b-323,"Escavação manual de valas em terra até 2,00m",m³,32.23,
7e3c298c-e69,00e2aa3b-323,Estrutura de madeira para telha ondulada,m²,186.26,
e955e54b-61f,00e2aa3b-323,Ferragens para armário embutido com fechadura cromada,un,18,
4c61ded4-63f,00e2aa3b-323,"Fio isolado em PVC para 750 v, 2,5 mm²",m,888,
0ce29122-a81,00e2aa3b-323,"Fio isolado em PVC para 750 v, 4 mm²",m,30,
3a4c526b-33f,00e2aa3b-323,"Forma com chapa compensada, plastificada utilização 5 vezes",m²,656.68,
d5f53b53-4d5,00e2aa3b-323,Forma de tábuas de pinho utilização 2 vezes,m²,68.39,
119d66d6-4c2,00e2aa3b-323,Fornecimento e instalação de venezianas translúcidas de PVC - COMOVET,m²,19.17,
6f0416f9-6ad,00e2aa3b-323,Grades de ferro de proteção,m²,17.36,
d19b43fa-514,00e2aa3b-323,"Haste de aterramento diam. 5/8""x2,40 m com conector",pç,3,
d36340dc-a8f,00e2aa3b-323,Impermeabilização de baldrame com materiais fibro-asfáltico,m²,52.91,
f421e9d2-e1f,00e2aa3b-323,Interruptor uma tecla simples 10A 250 v,un,5,
cc236009-d45,00e2aa3b-323,Isolação térmica em painéis rígidos de fibra de vidro,m²,96.94,
3f2e40aa-2a8,00e2aa3b-323,"Janela de madeira uma folha 0,90x2,10 completa inclusive batente",un,1,
a71ee33f-d61,00e2aa3b-323,Lançamento e aplicação de concreto em fundação,m³,24.79,
b14194a1-5ff,00e2aa3b-323,Lançamento e aplicação de concreto em estrutura,m³,15.63,
60937c28-a2e,00e2aa3b-323,Lastro de brita 3 e 4 apiloado manualmente,m³,29.96,
dbc4f0d1-4e5,00e2aa3b-323,Lastro de concreto para piso cimentado E= 5 cm,m²,134.96,
249b20bb-1be,00e2aa3b-323,"Latex acrílico, duas demãos sem massa corrida (Interno)",m²,764.25,
9e5515ce-df7,00e2aa3b-323,Latex em duas demãos em paredes externas sem massa,m²,845.47,
246f6bba-eee,00e2aa3b-323,Limpeza geral,m²,624,
d7595282-182,00e2aa3b-323,Locação de obra,m²,72,
0408c55b-4d2,00e2aa3b-323,Luminária fluorescente completa 2x40 W,un,9,
42172ccb-b26,00e2aa3b-323,Luminária fluorescente completa 4x40 W,un,4,
80045086-9cf,00e2aa3b-323,Mastro de ferro galvanizado a fogo com 15 m de altura,pç,1,
25967abf-306,00e2aa3b-323,Para-raio tipo Franklin,pç,3,
ac5e46b5-b67,00e2aa3b-323,Pintura a cal em 3 demãos,m²,201,
ae37a39f-75e,00e2aa3b-323,Piso cerâmico comum com argamassa mista de cal hidratada,m²,52.91,
8e0d1c94-397,00e2aa3b-323,Piso com pedras naturais (regularização de base),m²,188.91,
1785fe4b-934,00e2aa3b-323,Placa vinílica 30x30 cm E=2 mm,m²,182.06,
f6fe3e90-a26,00e2aa3b-323,Placas indicativas de obra,m²,4.5,
fa9da7d2-db5,00e2aa3b-323,Porta de armário sob pia,m²,9.8,
b318844c-018,00e2aa3b-323,"Porta de madeira uma folha 0,80x2,10",un,1,
4d2cdbaa-929,00e2aa3b-323,"Porta de madeira uma folha 1,00x2,10",un,1.2,
f541ee30-abc,00e2aa3b-323,Porta-papel de louça branca 15x15 cm,un,4,
f939911a-195,00e2aa3b-323,Poste de concreto com 7 m de altura padrão Eletropaulo,un,1,
8e7979b6-8ab,00e2aa3b-323,Quadro de distribuição de luz embutido até 36 divisões,un,1,
1e21eeab-796,00e2aa3b-323,"Ralo sifonado de PVC BR, infantil incl. acessórios",un,5,
9074dc74-f68,00e2aa3b-323,Rasgo em alvenaria para tubulações diam. 15 a 25 mm,m,13.73,
9c7f4231-ff2,00e2aa3b-323,Reaterro apiloado de valas,m³,18.65,
1ae9dda0-dcd,00e2aa3b-323,Reboco com argamassa de cal em 3 demãos,m²,201,
d4c4d710-9cb,00e2aa3b-323,Reboco com argamassa pré-fabricada,m²,210.94,
656b971e-505,00e2aa3b-323,Rejuntamento para azulejo com argamassa pré-fabricada E=3 mm,m²,25.38,
e6a8d356-f0b,00e2aa3b-323,Remoção de aparelhos sanitários,un,4,
a5cf9f55-9b5,00e2aa3b-323,"Remoção, recuperação e reassentamento de brinquedos",un,1,
f73d3232-53d,00e2aa3b-323,Retirada de folha de porta,m²,15.12,
2ca88350-55a,00e2aa3b-323,Rodapé vinílico 5 cm,m,140.05,
b59448c4-4aa,00e2aa3b-323,Rufo de fibrocimento para telha ondulada,m,19.17,
2d1fe68a-fc1,00e2aa3b-323,Seccionador fusível tripolar em quadro até 125A,un,1,
30e01f37-eb7,00e2aa3b-323,Tábuas de pinho para fundações utilização 5 vezes,m²,18.53,
8d4b90a2-657,00e2aa3b-323,Tapume de chapa de madeira compensada,m²,94.97,
f02fce00-ddf,00e2aa3b-323,Telha de fibrocimento ondulada 6 mm inclinação 27%,m,18.7,
5f99b997-571,00e2aa3b-323,Telhas de fibrocimento onduladas (Cobertura),m²,316.16,
fcc8da20-7e4,00e2aa3b-323,Tinta esmalte em paredes internas duas demãos sem massa corrida,m²,593.88,
a79defba-e7a,00e2aa3b-323,Tomada universal 10 A 250 v,un,19,
25b22814-4d6,00e2aa3b-323,Torneira de pressão cromada uso geral,un,5,
f9361e76-191,00e2aa3b-323,Transporte de material exceto rocha em caminhão até 5 km,m³,97,
43da1f41-2c1,00e2aa3b-323,"Tubo de PVC branco para esgoto diam. 100 mm (4"")",m,23,
9f200f7b-b70,00e2aa3b-323,"Tubo de PVC branco para esgoto diam. 40 mm (1 1/2"")",m,42.8,
489d2585-457,00e2aa3b-323,"Tubo de PVC branco para esgoto diam. 50 mm (2"")",m,9.5,
f6eb2ae6-2c0,00e2aa3b-323,"Vaso sanitário de louça BR, infantil incl. acessórios",un,5,
51a5f6f8-f03,00e2aa3b-323,Verga reta de concreto armado,m²,1,
4ccb1f06-793,00e2aa3b-323,Vidro comum em caixilhos com massa,m²,186.26,
d5b542d4-619,fe714e4c-a01,Alteamento de caixas de passagem em passeios,un,32,
ec41bbfe-a66,fe714e4c-a01,Apiloamento (volume medido na caixa),m³,75.7,
e0b686b7-ac7,fe714e4c-a01,"Assentamento de guias, inclusive retirada e limpeza",m,150.4,
3fbfa438-86d,fe714e4c-a01,"Demolição de pisos (ladrilhos), inclusive lastros",m²,3974.25,
602ea93d-845,fe714e4c-a01,Execução de regularização de base para pisos (ladrilhos),m²,3974.25,
db9df8c8-611,fe714e4c-a01,"Fornecimento e assentamento de ladrilhos, 1 e 2 cores",m²,3050.42,
a398bc03-de1,fe714e4c-a01,"Lastro de concreto magro com 0,05 cm de espessura, inclusive preparo da caixa",m³,186.56,
e2a18d14-11a,fe714e4c-a01,"Lastro de pedra britada 2 e 3, inclusive apiloamento",m³,75.7,
510d609f-4d9,fe714e4c-a01,"Passeios em concreto desempenado fck, de acordo com as especificações técnicas",m²,849.57,
16c540c2-50c,fe714e4c-a01,"Piso cimentado com 1,5 cm de espessura, inclusive regularização de base",m²,562.65,
f5662594-1b4,fe714e4c-a01,"Transporte de material, em distância máxima de 5km, inclusive carga, descarga e espalhamento (volume medido no caminhão)",m³,796.15,
57e558e1-d78,609ecfa7-6cf,Foram realizados atendimentos a 4.392 solicitações de serviços.,un,4.392 solicitações de serviços.,
16991e6c-a46,65b80749-d28,"Abertura de caixa até 0,40m inclusive transporte de material até 1,0 km",m²,5718.18,
e3d3f963-a37,65b80749-d28,Apiloamento de fundo de vala com maço de 30 kg,m²,7.02,
e68e97cf-3e0,65b80749-d28,"Armadura CA-50 média diam. 6,35 a 9,52 mm (1/4"" a 3/8"")",kg,71.82,
602df2ae-c92,65b80749-d28,"Arrancamento e reassentamento de guias de concreto, inclusive transporte",m,360.5,
aac4de52-1bc,65b80749-d28,Assentamento de lajotas sextavadas de concreto sobre coxim de areia de rio,m²,5717.68,
9b84719e-6be,65b80749-d28,Aterro com areia de cava ou de rio,m³,729.06,
65d8e8b0-9d7,65b80749-d28,Boca de lobo em alvenaria sem grelha,un,2,
db207512-15e,65b80749-d28,Carga manual de entulho em caminhão,m³,12.17,
b6d5b209-d22,65b80749-d28,"Concreto estrutural pré-misturado FCK 18,0 MPA",m³,0.92,
27526979-163,65b80749-d28,"Construção de passeios em concreto simples (abertura, lastro, juntas sarrafo 2m)",m²,1545.62,
084d150a-94f,65b80749-d28,Construção de sarjeta ou sarjetão de concreto,m³,17.56,
bf51336c-c97,65b80749-d28,Demolição de sarjetas ou sarjetão,m2,123.35,
7441402d-ce7,65b80749-d28,"Escavação manual de valas em terra até 2,00 m",m³,6.31,
4afc400c-545,65b80749-d28,Lastro de pedra britada apiloado,m³,10.59,
a3457b6a-440,65b80749-d28,Placa da obra (padrão PMC),un,1,
3231dc36-ee0,65b80749-d28,Reaterro apiloado de valas,m³,4.95,
55719f1f-e65,65b80749-d28,Reforma de boca de lobo com grelha de concreto,un,16,
ec332afd-51e,65b80749-d28,Reforma de poço de visita,un,6,
2dc573d9-9d2,65b80749-d28,Rejuntamento de lajota com asfalto e pedrisco,m²,5717.68,
416bae84-b83,65b80749-d28,"Tábuas de pinho para fundações, utilização 5 vezes",m²,2.88,
72f0c10d-f78,65b80749-d28,Transporte de material qualquer categoria,m³,15.71,
ddadd2e7-4a7,65b80749-d28,Transporte de material remanescente inclusive carga/descarga/espalhamento (10 km),m³,49.91,
a876c672-084,65b80749-d28,"Tubos de concreto simples, diam. 300 mm",m,5.5,
ee34e1e9-5c6,033a55c1-6af,Abrigo provisório com 1 pavimento para alojamento e depósito,m²,25.41,
55bdf75a-5b6,033a55c1-6af,"Alvenaria com bloco de concreto de 9x19x39 cm, com argamassa mista",m²,22.82,
61c2409d-59a,033a55c1-6af,Apiloamento de fundo com maço de 30 kg,m²,224.14,
b43bb85b-aba,033a55c1-6af,"Assentamento de tubo rígido de PVC 6"", junta soldada esgoto",m,334,
ae145de9-832,033a55c1-6af,"Blocos de concreto 14x19x39 cm, argamassa mista com cal hidratada esp. 14 cm",m²,98.92,
f5f522bb-56f,033a55c1-6af,Blocos hexagonais de concreto sobre coxim de areia,m²,453.9,
2ff32ccc-a6d,033a55c1-6af,Boca de lobo em alvenaria,un,8,
0395ea29-dad,033a55c1-6af,Caixa de inspeção em alvenaria para a rede de esgoto,un,54,
c3ecefc9-ba7,033a55c1-6af,"Concreto estrutural com betoneira, controle tipo B-fck 15,0 MPA para fundação",m³,4.55,
455fe6e2-fd4,033a55c1-6af,Demolição de pavimentação com paralelepípedos rejuntados com asfalto,m²,75.75,
03a28b4d-3b1,033a55c1-6af,"Escavação manual de valas em terra até 2,00 m",m³,318.55,
d85c97f0-c63,033a55c1-6af,Formas de tábua de pinho para fundação,m²,36.28,
7b6060de-c7a,033a55c1-6af,Guias pré-fabricadas e sarjetas de concreto,m,348.4,
62ebd0bb-6de,033a55c1-6af,Instalação da placa da obra,m²,4.5,
d2031e90-226,033a55c1-6af,Lançamento e aplicação de concreto em fundação,m³,4.55,
06997e6c-428,033a55c1-6af,Lastro de brita 3 e 4 apiloado manualmente,m³,49.68,
342208d5-f94,033a55c1-6af,Lastro de concreto para piso cimentado inclusive preparo de caixa E=5 cm,m³,216.12,
29d5db6b-669,033a55c1-6af,Ligação provisória de água e sanitário,un,1,
a9229401-687,033a55c1-6af,"Poço de visita diâmetro 1m, profundidade 2,00 m",un,4,
d77469f9-34a,033a55c1-6af,"Preparo de caixa até 0,40 m para pavimentação",m²,453.9,
e4f204ab-d86,033a55c1-6af,Reaterro apiloado de valas,m³,90.7,
ab36f66d-dab,033a55c1-6af,Rejuntamento de blocos hexagonais de concreto com asfalto,m²,529.65,
0de86d16-fca,033a55c1-6af,"Transporte de material exceto rocha em caminhão até 0,5 km",m³,290.41,
f13600b6-857,033a55c1-6af,"Tubo de concreto simples diâmetro 400 mm (citado como 40 mm no texto, provável erro material de digitação no original)",m,136,
b68b8f20-acd2-4014-ab19-dfe277ae7373,2c0fe2b8-2d3,Concreto,,0.0,
